/*执法办案中一些用着的菜单，不知道什么时候删除了，重新增加上*/
INSERT INTO syjzhpt.sysfunction(FUNCTIONID, LOCATION, TITLE, PARENT, ORDERNO, TYPE, DESCRIPTION, LOG, OWNER, ACTIVE, FUNCTIONCODE, VISIBLE, BIZID, ROLBIZCLASS, IMAGEURL, EXPANDEDIMAGEURL, AAA102, CAE005, ROLBIZABLE, TARGET, SYSTEMCODE) VALUES
('2016060815314942897544617', '/pub/pub/pcyzdszmainIndex', '常用字段值设置', '1146', 1, '1', NULL, NULL, NULL, NULL, NULL, '1', 'pcyzdszmainIndex', NULL, NULL, NULL, NULL, NULL, NULL, '', '');
INSERT INTO syjzhpt.sysfunction(FUNCTIONID, LOCATION, TITLE, PARENT, ORDERNO, TYPE, DESCRIPTION, LOG, OWNER, ACTIVE, FUNCTIONCODE, VISIBLE, BIZID, ROLBIZCLASS, IMAGEURL, EXPANDEDIMAGEURL, AAA102, CAE005, ROLBIZABLE, TARGET, SYSTEMCODE) VALUES
('2016061309023114335045352', '', '执法办案文书管理', '1146', 1, '2', NULL, NULL, NULL, NULL, NULL, '1', 'zfbawsgl', NULL, NULL, NULL, NULL, NULL, NULL, '', '1');


INSERT INTO syjzhpt.sysfunction(FUNCTIONID, LOCATION, TITLE, PARENT, ORDERNO, TYPE, DESCRIPTION, LOG, OWNER, ACTIVE, FUNCTIONCODE, VISIBLE, BIZID, ROLBIZCLASS, IMAGEURL, EXPANDEDIMAGEURL, AAA102, CAE005, ROLBIZABLE, TARGET, SYSTEMCODE) VALUES
('2016060816211993483877384', '/pub/pub/queryPcyzdszmain', '常用字段值设置主表查询', '2016060815314942897544617', 1, '2', NULL, NULL, NULL, NULL, NULL, '1', 'queryPcyzdszmain', NULL, NULL, NULL, NULL, NULL, NULL, '', '');
INSERT INTO syjzhpt.sysfunction(FUNCTIONID, LOCATION, TITLE, PARENT, ORDERNO, TYPE, DESCRIPTION, LOG, OWNER, ACTIVE, FUNCTIONCODE, VISIBLE, BIZID, ROLBIZCLASS, IMAGEURL, EXPANDEDIMAGEURL, AAA102, CAE005, ROLBIZABLE, TARGET, SYSTEMCODE) VALUES
('2016060816500294531758138', '/pub/pub/queryPcyzdszdetail', '常用字段值设置明细表查询', '2016060815314942897544617', 1, '2', NULL, NULL, NULL, NULL, NULL, '1', 'queryPcyzdszdetail', NULL, NULL, NULL, NULL, NULL, NULL, '', '');
INSERT INTO syjzhpt.sysfunction(FUNCTIONID, LOCATION, TITLE, PARENT, ORDERNO, TYPE, DESCRIPTION, LOG, OWNER, ACTIVE, FUNCTIONCODE, VISIBLE, BIZID, ROLBIZCLASS, IMAGEURL, EXPANDEDIMAGEURL, AAA102, CAE005, ROLBIZABLE, TARGET, SYSTEMCODE) VALUES
('2016060817441529469954056', '/pub/pub/pcyzdszAddIndex', '常用字段值设置明细添加页面', '2016060815314942897544617', 1, '1', NULL, NULL, NULL, NULL, NULL, '1', 'pcyzdszAddIndex', NULL, NULL, NULL, NULL, NULL, NULL, '', '');
INSERT INTO syjzhpt.sysfunction(FUNCTIONID, LOCATION, TITLE, PARENT, ORDERNO, TYPE, DESCRIPTION, LOG, OWNER, ACTIVE, FUNCTIONCODE, VISIBLE, BIZID, ROLBIZCLASS, IMAGEURL, EXPANDEDIMAGEURL, AAA102, CAE005, ROLBIZABLE, TARGET, SYSTEMCODE) VALUES
('2016061309074319793920431', '', '立案审批表_审批意见', '2016061309023114335045352', 1, '2', NULL, NULL, NULL, NULL, NULL, '1', 'laspb_spyj', NULL, NULL, NULL, NULL, NULL, NULL, '', '1');
INSERT INTO syjzhpt.sysfunction(FUNCTIONID, LOCATION, TITLE, PARENT, ORDERNO, TYPE, DESCRIPTION, LOG, OWNER, ACTIVE, FUNCTIONCODE, VISIBLE, BIZID, ROLBIZCLASS, IMAGEURL, EXPANDEDIMAGEURL, AAA102, CAE005, ROLBIZABLE, TARGET, SYSTEMCODE) VALUES
('2016061315452960619545541', '', '立案审批表_承办部门负责人', '2016061309023114335045352', 1, '2', NULL, NULL, NULL, NULL, NULL, '1', 'laspb_cbbmfzr', NULL, NULL, NULL, NULL, NULL, NULL, '', '1');
INSERT INTO syjzhpt.sysfunction(FUNCTIONID, LOCATION, TITLE, PARENT, ORDERNO, TYPE, DESCRIPTION, LOG, OWNER, ACTIVE, FUNCTIONCODE, VISIBLE, BIZID, ROLBIZCLASS, IMAGEURL, EXPANDEDIMAGEURL, AAA102, CAE005, ROLBIZABLE, TARGET, SYSTEMCODE) VALUES
('2016062615324014479682270', '', '通用审批表_承办部门负责人', '2016061309023114335045352', 1, '2', NULL, NULL, NULL, NULL, NULL, '1', 'tyspb_cbbmfzr', NULL, NULL, NULL, NULL, NULL, NULL, '', '');
INSERT INTO syjzhpt.sysfunction(FUNCTIONID, LOCATION, TITLE, PARENT, ORDERNO, TYPE, DESCRIPTION, LOG, OWNER, ACTIVE, FUNCTIONCODE, VISIBLE, BIZID, ROLBIZCLASS, IMAGEURL, EXPANDEDIMAGEURL, AAA102, CAE005, ROLBIZABLE, TARGET, SYSTEMCODE) VALUES
('2016062615335166264369884', '', '通用审批表_审批意见', '2016061309023114335045352', 1, '2', NULL, NULL, NULL, NULL, NULL, '1', 'tyspb_spyj', NULL, NULL, NULL, NULL, NULL, NULL, '', '');
INSERT INTO syjzhpt.sysfunction(FUNCTIONID, LOCATION, TITLE, PARENT, ORDERNO, TYPE, DESCRIPTION, LOG, OWNER, ACTIVE, FUNCTIONCODE, VISIBLE, BIZID, ROLBIZCLASS, IMAGEURL, EXPANDEDIMAGEURL, AAA102, CAE005, ROLBIZABLE, TARGET, SYSTEMCODE) VALUES
('2016062617531968762429930', '', '涉嫌犯罪案件移送审批表_承办部门负责人', '2016061309023114335045352', 1, '2', NULL, NULL, NULL, NULL, NULL, '1', 'sxfzajysspb_cbbmfzr', NULL, NULL, NULL, NULL, NULL, NULL, '', '');
INSERT INTO syjzhpt.sysfunction(FUNCTIONID, LOCATION, TITLE, PARENT, ORDERNO, TYPE, DESCRIPTION, LOG, OWNER, ACTIVE, FUNCTIONCODE, VISIBLE, BIZID, ROLBIZCLASS, IMAGEURL, EXPANDEDIMAGEURL, AAA102, CAE005, ROLBIZABLE, TARGET, SYSTEMCODE) VALUES
('2016062617545953692444393', '', '涉嫌犯罪案件移送审批表_审批意见', '2016061309023114335045352', 1, '2', NULL, NULL, NULL, NULL, NULL, '1', 'sxfzajysspb_spfzr', NULL, NULL, NULL, NULL, NULL, NULL, '', '');
INSERT INTO syjzhpt.sysfunction(FUNCTIONID, LOCATION, TITLE, PARENT, ORDERNO, TYPE, DESCRIPTION, LOG, OWNER, ACTIVE, FUNCTIONCODE, VISIBLE, BIZID, ROLBIZCLASS, IMAGEURL, EXPANDEDIMAGEURL, AAA102, CAE005, ROLBIZABLE, TARGET, SYSTEMCODE) VALUES
('2016062618080293836417571', '', '行政处罚决定审批表_审核部门负责人', '2016061309023114335045352', 1, '2', NULL, NULL, NULL, NULL, NULL, '1', 'xzcfjdspb_cfspshbmfzr', NULL, NULL, NULL, NULL, NULL, NULL, '', '');
INSERT INTO syjzhpt.sysfunction(FUNCTIONID, LOCATION, TITLE, PARENT, ORDERNO, TYPE, DESCRIPTION, LOG, OWNER, ACTIVE, FUNCTIONCODE, VISIBLE, BIZID, ROLBIZCLASS, IMAGEURL, EXPANDEDIMAGEURL, AAA102, CAE005, ROLBIZABLE, TARGET, SYSTEMCODE) VALUES
('2016062618094985967865245', '', '行政处罚决定审批表_审批意见负责人', '2016061309023114335045352', 1, '2', NULL, NULL, NULL, NULL, NULL, '1', 'xzcfjdspb_cfspspyjfzr', NULL, NULL, NULL, NULL, NULL, NULL, '', '');
INSERT INTO syjzhpt.sysfunction(FUNCTIONID, LOCATION, TITLE, PARENT, ORDERNO, TYPE, DESCRIPTION, LOG, OWNER, ACTIVE, FUNCTIONCODE, VISIBLE, BIZID, ROLBIZCLASS, IMAGEURL, EXPANDEDIMAGEURL, AAA102, CAE005, ROLBIZABLE, TARGET, SYSTEMCODE) VALUES
('2016062618305657989219481', '', '行政处罚决定审批表_承办部门负责人', '2016061309023114335045352', 1, '2', NULL, NULL, NULL, NULL, NULL, '1', 'xzcfjdspb_cfspcbbmfzr', NULL, NULL, NULL, NULL, NULL, NULL, '', '');


CREATE TABLE syjzhpt.pcyzdszmain (
  pcyzdszmainid varchar(32) NOT NULL DEFAULT '' COMMENT 'id',
  tabname varchar(50) DEFAULT NULL COMMENT '表名',
  tabnamedesc varchar(200) DEFAULT NULL COMMENT '表描述',
  colname varchar(50) DEFAULT NULL COMMENT '列名',
  colnamedesc varchar(200) DEFAULT NULL COMMENT '列描述',
  PRIMARY KEY (pcyzdszmainid),
  UNIQUE INDEX UK_pcyzdszmain (tabname, colname)
)
ENGINE = INNODB
AVG_ROW_LENGTH = 1820
CHARACTER SET utf8
COLLATE utf8_general_ci
COMMENT = '常用字段值设置主表';


CREATE TABLE syjzhpt.pcyzdszdetail (
  pcyzdszmainid varchar(32) NOT NULL,
  pcyzdszdetailid varchar(32) NOT NULL DEFAULT '' COMMENT '常用字段值明细设置id',
  avalue varchar(5000) DEFAULT NULL COMMENT '值',
  aae140 varchar(10) DEFAULT NULL COMMENT '大类',
  czyxm varchar(20) DEFAULT NULL COMMENT '操作员姓名',
  czsj datetime DEFAULT NULL COMMENT '操作时间',
  PRIMARY KEY (pcyzdszdetailid),
  INDEX IDX_pcyzdszdetail_pcyzdszmainid (pcyzdszmainid)
)
ENGINE = INNODB
AVG_ROW_LENGTH = 1489
CHARACTER SET utf8
COLLATE utf8_general_ci
COMMENT = '常用字段值明细设置';

INSERT INTO syjzhpt.pcyzdszmain(pcyzdszmainid, tabname, tabnamedesc, colname, colnamedesc) VALUES
('2016060815171030920667882', 'zfwslaspb2', '执法文书立案审批表', 'laspflfg', '违反的法律法规');
INSERT INTO syjzhpt.pcyzdszmain(pcyzdszmainid, tabname, tabnamedesc, colname, colnamedesc) VALUES
('2016061618051030920667882', 'zfwszlgztzs20', '执法文书责令改正通知书', 'zlgzflfg', '违反的法律法规');
INSERT INTO syjzhpt.pcyzdszmain(pcyzdszmainid, tabname, tabnamedesc, colname, colnamedesc) VALUES
('2016061709451030920667882', 'zfwstzgzs22', '执法文书听证告知书', 'tzgzwfflfg', '违反的法律法规');
INSERT INTO syjzhpt.pcyzdszmain(pcyzdszmainid, tabname, tabnamedesc, colname, colnamedesc) VALUES
('2016061709551030920662520', 'zfwsxzcfjds28', '执法文书行政处罚决定书', 'cfjdwfgd', '违反规定');
INSERT INTO syjzhpt.pcyzdszmain(pcyzdszmainid, tabname, tabnamedesc, colname, colnamedesc) VALUES
('2016061709551030920665214', 'zfwstzgzs22', '执法文书听证告知书', 'tzgzyjflfg', '依据的法律法规');
INSERT INTO syjzhpt.pcyzdszmain(pcyzdszmainid, tabname, tabnamedesc, colname, colnamedesc) VALUES
('2016062410471030920665219', 'zfwsxzcfsxgzs26', '执法文书行政处罚事先告知书', 'sxgzswfflfg', '违反的法律法规');
INSERT INTO syjzhpt.pcyzdszmain(pcyzdszmainid, tabname, tabnamedesc, colname, colnamedesc) VALUES
('2016062410481030920666214', 'zfwsxzcfsxgzs26', '执法文书行政处罚事先告知书', 'sxgzsyjflfg', '依据的法律法规');
INSERT INTO syjzhpt.pcyzdszmain(pcyzdszmainid, tabname, tabnamedesc, colname, colnamedesc) VALUES
('2016062411411030958665214', 'zfwsdcxzcfjds29', '执法文书当场行政处罚决定书', 'dcxzcfjdswfflfg', '违反的法律法规');
INSERT INTO syjzhpt.pcyzdszmain(pcyzdszmainid, tabname, tabnamedesc, colname, colnamedesc) VALUES
('2016062411421030958666295', 'zfwsdcxzcfjds29', '执法文书当场行政处罚决定书', 'dcxzcfjdsyjflfg', '依据的法律法规');


INSERT INTO syjzhpt.pcyzdszdetail(pcyzdszmainid, pcyzdszdetailid, avalue, aae140, czyxm, czsj) VALUES
('2016060815171030920667882', '2016060815171030920667883', '《中华人民共和国药品管理法》第四十九条第一款“禁止生产、销售假药。”', '200', NULL, NULL);
INSERT INTO syjzhpt.pcyzdszdetail(pcyzdszmainid, pcyzdszdetailid, avalue, aae140, czyxm, czsj) VALUES
('2016060815171030920667882', '2016061211052206399148370', '测试时事实是数量的法律及水电费12', '100', '超级管理员（勿删）', '2016-06-12 11:09:22');
INSERT INTO syjzhpt.pcyzdszdetail(pcyzdszmainid, pcyzdszdetailid, avalue, aae140, czyxm, czsj) VALUES
('2016060815171030920667882', '2016061218022927965778338', 'sdfsdfsdfsdfsdfsdfsdfsdfsdfsdf', '100', '超级管理员（勿删）', '2016-06-12 18:06:31');
INSERT INTO syjzhpt.pcyzdszdetail(pcyzdszmainid, pcyzdszdetailid, avalue, aae140, czyxm, czsj) VALUES
('2016060815171030920667882', '2016061408563985780333160', 'ddddddddddddddddddddddd', '100', '超级管理员（勿删）', '2016-06-14 09:00:48');
INSERT INTO syjzhpt.pcyzdszdetail(pcyzdszmainid, pcyzdszdetailid, avalue, aae140, czyxm, czsj) VALUES
('2016061618051030920667882', '2016061618271157248513200', '阿道夫哈看机会拉萨发货的啦', '100', '超级管理员（勿删）', '2016-06-16 18:30:55');
INSERT INTO syjzhpt.pcyzdszdetail(pcyzdszmainid, pcyzdszdetailid, avalue, aae140, czyxm, czsj) VALUES
('2016061709551030920665214', '2016061709591447993681416', '《中华人民共和国食品安全法》第二条第五款第七项', '100', '超级管理员（勿删）', '2016-06-17 10:03:00');
INSERT INTO syjzhpt.pcyzdszdetail(pcyzdszmainid, pcyzdszdetailid, avalue, aae140, czyxm, czsj) VALUES
('2016061709451030920667882', '2016061710002866175619932', '《中华人民共和国食品安全法》第十条第六款第九项', '100', '超级管理员（勿删）', '2016-06-17 10:04:14');
INSERT INTO syjzhpt.pcyzdszdetail(pcyzdszmainid, pcyzdszdetailid, avalue, aae140, czyxm, czsj) VALUES
('2016061709551030920662520', '2016062310155631923451482', '《中华人民共和国药品管理法》', '200', '超级管理员（勿删）', '2016-06-23 10:19:58');
INSERT INTO syjzhpt.pcyzdszdetail(pcyzdszmainid, pcyzdszdetailid, avalue, aae140, czyxm, czsj) VALUES
('2016062410471030920665219', '2016062410555343356075496', '《中华人民共和国食品安全法》第五条第六款第七项', '100', '超级管理员（勿删）', '2016-06-24 10:59:59');
INSERT INTO syjzhpt.pcyzdszdetail(pcyzdszmainid, pcyzdszdetailid, avalue, aae140, czyxm, czsj) VALUES
('2016062411411030958665214', '2016062411472766986502453', '《中华人民共和国药品管理法》第三十四条', '200', '超级管理员（勿删）', '2016-06-24 11:51:33');
INSERT INTO syjzhpt.pcyzdszdetail(pcyzdszmainid, pcyzdszdetailid, avalue, aae140, czyxm, czsj) VALUES
('2016062411421030958666295', '2016062411480395017329180', '《中华人民共和国药品管理法》第八十一条', '200', '超级管理员（勿删）', '2016-06-24 11:52:09');


/*新增的权限菜单*/
INSERT INTO syjzhpt.sysfunction(FUNCTIONID, LOCATION, TITLE, PARENT, ORDERNO, TYPE, DESCRIPTION, LOG, OWNER, ACTIVE, FUNCTIONCODE, VISIBLE, BIZID, ROLBIZCLASS, IMAGEURL, EXPANDEDIMAGEURL, AAA102, CAE005, ROLBIZABLE, TARGET, SYSTEMCODE) VALUES
('2016082918015385261612154', '/sysmanager/sysuser/querySysuserNoAae140', '查询操作员【未授权】的企业大类', '52', 1, '2', NULL, NULL, NULL, NULL, NULL, '1', 'querySysuserNoAae140', NULL, NULL, NULL, NULL, NULL, NULL, '', '');
INSERT INTO syjzhpt.sysfunction(FUNCTIONID, LOCATION, TITLE, PARENT, ORDERNO, TYPE, DESCRIPTION, LOG, OWNER, ACTIVE, FUNCTIONCODE, VISIBLE, BIZID, ROLBIZCLASS, IMAGEURL, EXPANDEDIMAGEURL, AAA102, CAE005, ROLBIZABLE, TARGET, SYSTEMCODE) VALUES
('2016082918032412575392288', '/sysmanager/sysuser/querySysuserAae140', '查询操作员【已授权】的企业大类', '52', 1, '2', NULL, NULL, NULL, NULL, NULL, '1', 'querySysuserAae140', NULL, NULL, NULL, NULL, NULL, NULL, '', '');
INSERT INTO syjzhpt.sysfunction(FUNCTIONID, LOCATION, TITLE, PARENT, ORDERNO, TYPE, DESCRIPTION, LOG, OWNER, ACTIVE, FUNCTIONCODE, VISIBLE, BIZID, ROLBIZCLASS, IMAGEURL, EXPANDEDIMAGEURL, AAA102, CAE005, ROLBIZABLE, TARGET, SYSTEMCODE) VALUES
('2016082918042644063646423', '/sysmanager/sysuser/saveSysuserAae140', '保存操作员【已授权】的企业大类', '52', 1, '2', NULL, NULL, NULL, NULL, NULL, '1', 'saveSysuserAae140', NULL, NULL, NULL, NULL, NULL, NULL, '', '');
INSERT INTO syjzhpt.sysfunction(FUNCTIONID, LOCATION, TITLE, PARENT, ORDERNO, TYPE, DESCRIPTION, LOG, OWNER, ACTIVE, FUNCTIONCODE, VISIBLE, BIZID, ROLBIZCLASS, IMAGEURL, EXPANDEDIMAGEURL, AAA102, CAE005, ROLBIZABLE, TARGET, SYSTEMCODE) VALUES
('2016082918061775847212588', '/sysmanager/sysuser/querySysuserAaa027ZTree', '查询操作员可以看到的行政区划列表', '52', 1, '2', NULL, NULL, NULL, NULL, NULL, '1', 'querySysuserAaa027ZTree', NULL, NULL, NULL, NULL, NULL, NULL, '', '');
INSERT INTO syjzhpt.sysfunction(FUNCTIONID, LOCATION, TITLE, PARENT, ORDERNO, TYPE, DESCRIPTION, LOG, OWNER, ACTIVE, FUNCTIONCODE, VISIBLE, BIZID, ROLBIZCLASS, IMAGEURL, EXPANDEDIMAGEURL, AAA102, CAE005, ROLBIZABLE, TARGET, SYSTEMCODE) VALUES
('2016082918081762387834998', '/sysmanager/sysuser/querySysuserHaveAaa027Grant', '查询操作员已经赋权的行政区划列表', '52', 1, '2', NULL, NULL, NULL, NULL, NULL, '1', 'querySysuserHaveAaa027Grant', NULL, NULL, NULL, NULL, NULL, NULL, '', '');
INSERT INTO syjzhpt.sysfunction(FUNCTIONID, LOCATION, TITLE, PARENT, ORDERNO, TYPE, DESCRIPTION, LOG, OWNER, ACTIVE, FUNCTIONCODE, VISIBLE, BIZID, ROLBIZCLASS, IMAGEURL, EXPANDEDIMAGEURL, AAA102, CAE005, ROLBIZABLE, TARGET, SYSTEMCODE) VALUES
('2016082918091874472232147', '/sysmanager/sysuser/saveSysuserAaa027Grant', '保存操作员已经赋权的行政区划列表', '52', 1, '2', NULL, NULL, NULL, NULL, NULL, '1', 'saveSysuserAaa027Grant', NULL, NULL, NULL, NULL, NULL, NULL, '', '');
INSERT INTO syjzhpt.sysfunction(FUNCTIONID, LOCATION, TITLE, PARENT, ORDERNO, TYPE, DESCRIPTION, LOG, OWNER, ACTIVE, FUNCTIONCODE, VISIBLE, BIZID, ROLBIZCLASS, IMAGEURL, EXPANDEDIMAGEURL, AAA102, CAE005, ROLBIZABLE, TARGET, SYSTEMCODE) VALUES
('2016082918110892821543167', '/sysmanager/sysuser/querySysuserOrgZTree', '查询操作员可以看到的机构列表', '52', 1, '2', NULL, NULL, NULL, NULL, NULL, '1', 'querySysuserOrgZTree', NULL, NULL, NULL, NULL, NULL, NULL, '', '');
INSERT INTO syjzhpt.sysfunction(FUNCTIONID, LOCATION, TITLE, PARENT, ORDERNO, TYPE, DESCRIPTION, LOG, OWNER, ACTIVE, FUNCTIONCODE, VISIBLE, BIZID, ROLBIZCLASS, IMAGEURL, EXPANDEDIMAGEURL, AAA102, CAE005, ROLBIZABLE, TARGET, SYSTEMCODE) VALUES
('2016082918121760590421504', '/sysmanager/sysuser/querySysuserHaveOrgGrant', '查询操作员已经赋权的机构列表', '52', 1, '2', NULL, NULL, NULL, NULL, NULL, '1', 'querySysuserHaveOrgGrant', NULL, NULL, NULL, NULL, NULL, NULL, '', '');
INSERT INTO syjzhpt.sysfunction(FUNCTIONID, LOCATION, TITLE, PARENT, ORDERNO, TYPE, DESCRIPTION, LOG, OWNER, ACTIVE, FUNCTIONCODE, VISIBLE, BIZID, ROLBIZCLASS, IMAGEURL, EXPANDEDIMAGEURL, AAA102, CAE005, ROLBIZABLE, TARGET, SYSTEMCODE) VALUES
('2016082918130895261133278', '/sysmanager/sysuser/saveSysuserOrgGrant', '保存操作员已经赋权机构列表', '52', 1, '2', NULL, NULL, NULL, NULL, NULL, '1', 'saveSysuserOrgGrant', NULL, NULL, NULL, NULL, NULL, NULL, '', '');


