INSERT INTO aa10(AAA100, AAA102, AAA103, AAE030, AAE031, AAZ093, AAZ094, AAA104, AAA101, AAA105, aaa106, aaa107, aae011, aae036, yxbz, paixu)
VALUES('SYSTEMCODE', 'zzzsglxt', '种植追溯管理系统', 199405, NULL, '2018071417322399074167292', '1443', NULL, NULL, NULL, NULL, NULL, NULL, NULL, '1', 0);
INSERT INTO aa10(AAA100, AAA102, AAA103, AAE030, AAE031, AAZ093, AAZ094, AAA104, AAA101, AAA105, aaa106, aaa107, aae011, aae036, yxbz, paixu)
VALUES('SYSTEMCODE', 'yzzsglxt', '养殖追溯管理系统', 199405, NULL, '2018071417322399074163652', '1443', NULL, NULL, NULL, NULL, NULL, NULL, NULL, '1', 0);

INSERT INTO aa01(AAA001, AAA002, AAA005, AAA104, AAA105, AAZ499, AAA027)
VALUES('INDEX_IMG', '首页图片', '/images/frame/toplogo/tangyin/head_logo_ty.png', '1', '', '2018071011480541974640680', NULL);
INSERT INTO aa01(AAA001, AAA002, AAA005, AAA104, AAA105, AAZ499, AAA027)
VALUES('INDEX_APP_QRCODE_IMG', '首页App二维码图片', '/img/app_code_tangyin.png', '1', '', '2018071014062467480466593', NULL);
INSERT INTO aa01(AAA001, AAA002, AAA005, AAA104, AAA105, AAZ499, AAA027)
VALUES('INDEX_DOWNLOAD_URL', '首页点击下载app路径', 'http://42.236.68.68:8080/syjzhpt/jsp/weixin/weixin_down_tangyin.jsp', '1', '', '2018071014073026770048982', NULL);


INSERT INTO aa01(AAA001, AAA002, AAA005, AAA104, AAA105, AAZ499, AAA027) VALUES
('WSPRINTTYPE', '文书打印类型0正常打印1套打', '1', '1', NULL, '2018032214213326080693140', NULL);
INSERT INTO `aa01` (`AAA001`, `AAA002`, `AAA005`, `AAA104`, `AAA105`, `AAZ499`, `AAA027`) VALUES
  ('MCLZ_JKDQBH', '明厨亮灶平台监控地区编号', '27', '1', NULL, f_getSequenceStr(), NULL);
INSERT INTO aa01(AAA001, AAA002, AAA005, AAA104, AAA105, AAZ499, AAA027) VALUES
('GZMAINPAGE', '公众端主页', 'index_zhsyj_zm.jsp', '1', NULL, '2018042414123849490072438', NULL);
INSERT INTO aa01(AAA001, AAA002, AAA005, AAA104, AAA105, AAZ499, AAA027) VALUES
('LatLonScope', '以某个经纬度为中心搜索企业的半径（单位：米）', '500', '1', NULL, '2018052410002268691156216', NULL);
INSERT INTO aa01(AAA001, AAA002, AAA005, AAA104, AAA105, AAZ499, AAA027)
VALUES('AQJG_TYPE_ZB', '安全监管_类型_校园周边_年度检查次数', '6', '1', NULL, '2017122311054344771653827', '410000000000');
INSERT INTO aa01(AAA001, AAA002, AAA005, AAA104, AAA105, AAZ499, AAA027)
VALUES('AQJG_TYPE_LH', '安全监管_类型_量化检查_年度检查次数', '1', '1', NULL, '2017122311054344771653828', '410000000000');
INSERT INTO aa01(AAA001, AAA002, AAA005, AAA104, AAA105, AAZ499, AAA027)
VALUES('AQJG_TYPE_RC', '安全监管_类型_日常检查_年度检查次数', '4', '1', NULL, '2017122311054344771653829', '410000000000');
INSERT INTO aa01(AAA001, AAA002, AAA005, AAA104, AAA105, AAZ499, AAA027)
VALUES('AQJG_TYPE_ZX', '安全监管_类型_专项_年度检查次数', '1', '1', NULL, '2017122511054344771653827', '410000000000');


INSERT INTO aa09(AAA100, AAA101, AAA104, AAZ094) VALUES
('NOTICETYPE', '通知类型', '1', '2018052911365919061880855');
INSERT INTO aa10(AAA100, AAA102, AAA103, AAE030, AAE031, AAZ093, AAZ094, AAA104, AAA101, AAA105, aaa106, aaa107, aae011, aae036, yxbz, paixu) VALUES
('NOTICETYPE', '1', '任务', 199405, NULL, '2018052911365917507225850', '2018052911365919061880855', NULL, NULL, NULL, NULL, NULL, NULL, NULL, '1', 0);
INSERT INTO aa10(AAA100, AAA102, AAA103, AAE030, AAE031, AAZ093, AAZ094, AAA104, AAA101, AAA105, aaa106, aaa107, aae011, aae036, yxbz, paixu) VALUES
('NOTICETYPE', '2', '会议', 199405, NULL, '2018052911365930350489756', '2018052911365919061880855', NULL, NULL, NULL, NULL, NULL, NULL, NULL, '1', 0);
INSERT INTO aa10(AAA100, AAA102, AAA103, AAE030, AAE031, AAZ093, AAZ094, AAA104, AAA101, AAA105, aaa106, aaa107, aae011, aae036, yxbz, paixu) VALUES
('NOTICETYPE', '9', '其它', 199405, NULL, '2018052911365951024053290', '2018052911365919061880855', NULL, NULL, NULL, NULL, NULL, NULL, NULL, '1', 0);
INSERT INTO aa10(AAA100, AAA102, AAA103, AAE030, AAE031, AAZ093, AAZ094, AAA104, AAA101, AAA105, aaa106, aaa107, aae011, aae036, yxbz, paixu) VALUES
('NOTICETYPE', '3', '日程', 199405, NULL, '2018052911365999230774305', '2018052911365919061880855', NULL, NULL, NULL, NULL, NULL, NULL, NULL, '1', 0);
INSERT INTO aa10(AAA100, AAA102, AAA103, AAE030, AAE031, AAZ093, AAZ094, AAA104, AAA101, AAA105, aaa106, aaa107, aae011, aae036, yxbz, paixu) VALUES
('NOTICETYPE', '4', '系统自动提醒', 199405, NULL, '2018052911365999230774308', '2018052911365919061880855', NULL, NULL, NULL, NULL, NULL, NULL, NULL, '1', 0);


INSERT INTO aa09(AAA100, AAA101, AAA104, AAZ094) VALUES
('DETECTIONDATATYPE', '检测数据类型', '1', '2018052509493813680515171');
INSERT INTO aa10(AAA100, AAA102, AAA103, AAE030, AAE031, AAZ093, AAZ094, AAA104, AAA101, AAA105, aaa106, aaa107, aae011, aae036, yxbz, paixu) VALUES
('DETECTIONDATATYPE', '1', '抽样报告', 199405, NULL, '2018052509493879162040790', '2018052509493813680515171', NULL, NULL, NULL, NULL, NULL, NULL, NULL, '1', 0);
INSERT INTO aa10(AAA100, AAA102, AAA103, AAE030, AAE031, AAZ093, AAZ094, AAA104, AAA101, AAA105, aaa106, aaa107, aae011, aae036, yxbz, paixu) VALUES
('DETECTIONDATATYPE', '9', '其他', 199405, NULL, '2018052509493938781022782', '2018052509493813680515171', NULL, NULL, NULL, NULL, NULL, NULL, NULL, '1', 0);
INSERT INTO aa10(AAA100, AAA102, AAA103, AAE030, AAE031, AAZ093, AAZ094, AAA104, AAA101, AAA105, aaa106, aaa107, aae011, aae036, yxbz, paixu) VALUES
('DETECTIONDATATYPE', '4', '检测设备数据对接', 199405, NULL, '2018052509493949125472315', '2018052509493813680515171', NULL, NULL, NULL, NULL, NULL, NULL, NULL, '1', 0);
INSERT INTO aa10(AAA100, AAA102, AAA103, AAE030, AAE031, AAZ093, AAZ094, AAA104, AAA101, AAA105, aaa106, aaa107, aae011, aae036, yxbz, paixu) VALUES
('DETECTIONDATATYPE', '3', '企业进货记录检测数据系统录入', 199405, NULL, '2018052509493968948780623', '2018052509493813680515171', NULL, NULL, NULL, NULL, NULL, NULL, NULL, '1', 0);
INSERT INTO aa10(AAA100, AAA102, AAA103, AAE030, AAE031, AAZ093, AAZ094, AAA104, AAA101, AAA105, aaa106, aaa107, aae011, aae036, yxbz, paixu) VALUES
('DETECTIONDATATYPE', '2', '通用检测', 199405, NULL, '2018052509493998539477957', '2018052509493813680515171', NULL, NULL, NULL, NULL, NULL, NULL, NULL, '1', 0);


INSERT INTO aa09(AAA100, AAA101, AAA104, AAZ094) VALUES
('DENGJICSKIND', '登记参数类型', '1', '2018042409462712328157026');
INSERT INTO aa10(AAA100, AAA102, AAA103, AAE030, AAE031, AAZ093, AAZ094, AAA104, AAA101, AAA105, aaa106, aaa107, aae011, aae036, yxbz) VALUES
('DENGJICSKIND', '11', '动态餐饮', 199405, NULL, '2018042409462785519951661', '2018042409462712328157026', NULL, NULL, NULL, NULL, NULL, NULL, NULL, '1');
INSERT INTO aa10(AAA100, AAA102, AAA103, AAE030, AAE031, AAZ093, AAZ094, AAA104, AAA101, AAA105, aaa106, aaa107, aae011, aae036, yxbz) VALUES
('DENGJICSKIND', '21', '年度餐饮', 199405, NULL, '2018042409462790615290301', '2018042409462712328157026', NULL, NULL, NULL, NULL, NULL, NULL, NULL, '1');
INSERT INTO aa10(AAA100, AAA102, AAA103, AAE030, AAE031, AAZ093, AAZ094, AAA104, AAA101, AAA105, aaa106, aaa107, aae011, aae036, yxbz) VALUES
('DENGJICSKIND', '22', '年度生产经营', 199405, NULL, '2018042409462796516599596', '2018042409462712328157026', NULL, NULL, NULL, NULL, NULL, NULL, NULL, '1');
INSERT INTO aa09(AAA100, AAA101, AAA104, AAZ094) VALUES
('JYJCBZFENLEI', '检验检测检测标准分类', '1', '2018050910182711232066537');
INSERT INTO aa09(AAA100, AAA101, AAA104, AAZ094) VALUES
('JYJCBZSTATE', '检验检测标准状态', '1', '2018050910373773348479400');
INSERT INTO aa10(AAA100, AAA102, AAA103, AAE030, AAE031, AAZ093, AAZ094, AAA104, AAA101, AAA105, aaa106, aaa107, aae011, aae036, yxbz) VALUES
('JYJCBZSTATE', '1', '正常', 199405, NULL, '2018050910373729921931894', '2018050910373773348479400', NULL, NULL, NULL, NULL, NULL, NULL, NULL, '1');
INSERT INTO aa10(AAA100, AAA102, AAA103, AAE030, AAE031, AAZ093, AAZ094, AAA104, AAA101, AAA105, aaa106, aaa107, aae011, aae036, yxbz) VALUES
('JYJCBZSTATE', '2', '作废', 199405, NULL, '2018050910373747409208163', '2018050910373773348479400', NULL, NULL, NULL, NULL, NULL, NULL, NULL, '1');

INSERT INTO aa09(AAA100, AAA101, AAA104, AAZ094) VALUES
('CYDJRWLB', '抽样登记任务类别', '1', '2018051514230039733465332');
INSERT INTO aa10(AAA100, AAA102, AAA103, AAE030, AAE031, AAZ093, AAZ094, AAA104, AAA101, AAA105, aaa106, aaa107, aae011, aae036, yxbz) VALUES
('CYDJRWLB', '1', '监督抽检', 199405, NULL, '2018051514230047315997767', '2018051514230039733465332', NULL, NULL, NULL, NULL, NULL, NULL, NULL, '1');
INSERT INTO aa10(AAA100, AAA102, AAA103, AAE030, AAE031, AAZ093, AAZ094, AAA104, AAA101, AAA105, aaa106, aaa107, aae011, aae036, yxbz) VALUES
('CYDJRWLB', '2', '风险监测', 199405, NULL, '2018051514230117379595914', '2018051514230039733465332', NULL, NULL, NULL, NULL, NULL, NULL, NULL, '1');


INSERT INTO aa09(AAA100, AAA101, AAA104, AAZ094) VALUES
('CYDJQYLX', '抽样登记区域类型', '1', '2018051514375711019930533');
INSERT INTO aa10(AAA100, AAA102, AAA103, AAE030, AAE031, AAZ093, AAZ094, AAA104, AAA101, AAA105, aaa106, aaa107, aae011, aae036, yxbz) VALUES
('CYDJQYLX', '1', '城市', 199405, NULL, '2018051514375720146872773', '2018051514375711019930533', NULL, NULL, NULL, NULL, NULL, NULL, NULL, '1');
INSERT INTO aa10(AAA100, AAA102, AAA103, AAE030, AAE031, AAZ093, AAZ094, AAA104, AAA101, AAA105, aaa106, aaa107, aae011, aae036, yxbz) VALUES
('CYDJQYLX', '2', '乡村', 199405, NULL, '2018051514375767674575343', '2018051514375711019930533', NULL, NULL, NULL, NULL, NULL, NULL, NULL, '1');
INSERT INTO aa10(AAA100, AAA102, AAA103, AAE030, AAE031, AAZ093, AAZ094, AAA104, AAA101, AAA105, aaa106, aaa107, aae011, aae036, yxbz) VALUES
('CYDJQYLX', '3', '景点', 199405, NULL, '2018051514375777932261468', '2018051514375711019930533', NULL, NULL, NULL, NULL, NULL, NULL, NULL, '1');


INSERT INTO aa09(AAA100, AAA101, AAA104, AAZ094) VALUES
('CYDDSCHJ', '抽样地点生产环节', '1', '2018051516381428017452664');
INSERT INTO aa10(AAA100, AAA102, AAA103, AAE030, AAE031, AAZ093, AAZ094, AAA104, AAA101, AAA105, aaa106, aaa107, aae011, aae036, yxbz) VALUES
('CYDDSCHJ', '20', '生产线', 199405, NULL, '2018051516381439436033032', '2018051516381428017452664', NULL, NULL, NULL, NULL, NULL, NULL, NULL, '1');
INSERT INTO aa10(AAA100, AAA102, AAA103, AAE030, AAE031, AAZ093, AAZ094, AAA104, AAA101, AAA105, aaa106, aaa107, aae011, aae036, yxbz) VALUES
('CYDDSCHJ', '10', '原辅料库', 199405, NULL, '2018051516381446976775900', '2018051516381428017452664', NULL, NULL, NULL, NULL, NULL, NULL, NULL, '1');
INSERT INTO aa10(AAA100, AAA102, AAA103, AAE030, AAE031, AAZ093, AAZ094, AAA104, AAA101, AAA105, aaa106, aaa107, aae011, aae036, yxbz) VALUES
('CYDDSCHJ', '30', '半成品库', 199405, NULL, '2018051516381483087135463', '2018051516381428017452664', NULL, NULL, NULL, NULL, NULL, NULL, NULL, '1');


INSERT INTO aa09(AAA100, AAA101, AAA104, AAZ094) VALUES
('CYDDSCHJCPK', '抽样地点生产环节成品库', '1', '2018051516425259255885853');
INSERT INTO aa10(AAA100, AAA102, AAA103, AAE030, AAE031, AAZ093, AAZ094, AAA104, AAA101, AAA105, aaa106, aaa107, aae011, aae036, yxbz) VALUES
('CYDDSCHJCPK', '31', '待检区', 199405, NULL, '2018051516425295406534518', '2018051516425259255885853', NULL, NULL, NULL, NULL, NULL, NULL, NULL, '1');
INSERT INTO aa10(AAA100, AAA102, AAA103, AAE030, AAE031, AAZ093, AAZ094, AAA104, AAA101, AAA105, aaa106, aaa107, aae011, aae036, yxbz) VALUES
('CYDDSCHJCPK', '32', '已检区', 199405, NULL, '2018051516425299265018104', '2018051516425259255885853', NULL, NULL, NULL, NULL, NULL, NULL, NULL, '1');


INSERT INTO aa09(AAA100, AAA101, AAA104, AAZ094) VALUES
('CYDDLTHJ', '抽样地点流通环节', '1', '2018051516491238387124462');
INSERT INTO aa10(AAA100, AAA102, AAA103, AAE030, AAE031, AAZ093, AAZ094, AAA104, AAA101, AAA105, aaa106, aaa107, aae011, aae036, yxbz) VALUES
('CYDDLTHJ', '1', '农贸市场', 199405, NULL, '2018051516491248258609180', '2018051516491238387124462', NULL, NULL, NULL, NULL, NULL, NULL, NULL, '1');
INSERT INTO aa10(AAA100, AAA102, AAA103, AAE030, AAE031, AAZ093, AAZ094, AAA104, AAA101, AAA105, aaa106, aaa107, aae011, aae036, yxbz) VALUES
('CYDDLTHJ', '2', '菜市场', 199405, NULL, '2018051516491289679342770', '2018051516491238387124462', NULL, NULL, NULL, NULL, NULL, NULL, NULL, '1');
INSERT INTO aa10(AAA100, AAA102, AAA103, AAE030, AAE031, AAZ093, AAZ094, AAA104, AAA101, AAA105, aaa106, aaa107, aae011, aae036, yxbz) VALUES
('CYDDLTHJ', '4', '商场', 199405, NULL, '2018051516491324906658776', '2018051516491238387124462', NULL, NULL, NULL, NULL, NULL, NULL, NULL, '1');
INSERT INTO aa10(AAA100, AAA102, AAA103, AAE030, AAE031, AAZ093, AAZ094, AAA104, AAA101, AAA105, aaa106, aaa107, aae011, aae036, yxbz) VALUES
('CYDDLTHJ', '3', '批发市场', 199405, NULL, '2018051516491330362091707', '2018051516491238387124462', NULL, NULL, NULL, NULL, NULL, NULL, NULL, '1');
INSERT INTO aa10(AAA100, AAA102, AAA103, AAE030, AAE031, AAZ093, AAZ094, AAA104, AAA101, AAA105, aaa106, aaa107, aae011, aae036, yxbz) VALUES
('CYDDLTHJ', '5', '超市', 199405, NULL, '2018051516491333447021835', '2018051516491238387124462', NULL, NULL, NULL, NULL, NULL, NULL, NULL, '1');
INSERT INTO aa10(AAA100, AAA102, AAA103, AAE030, AAE031, AAZ093, AAZ094, AAA104, AAA101, AAA105, aaa106, aaa107, aae011, aae036, yxbz) VALUES
('CYDDLTHJ', '8', '其他', 199405, NULL, '2018051516491333627681186', '2018051516491238387124462', NULL, NULL, NULL, NULL, NULL, NULL, NULL, '1');
INSERT INTO aa10(AAA100, AAA102, AAA103, AAE030, AAE031, AAZ093, AAZ094, AAA104, AAA101, AAA105, aaa106, aaa107, aae011, aae036, yxbz) VALUES
('CYDDLTHJ', '7', '网购', 199405, NULL, '2018051516491362234617175', '2018051516491238387124462', NULL, NULL, NULL, NULL, NULL, NULL, NULL, '1');
INSERT INTO aa10(AAA100, AAA102, AAA103, AAE030, AAE031, AAZ093, AAZ094, AAA104, AAA101, AAA105, aaa106, aaa107, aae011, aae036, yxbz) VALUES
('CYDDLTHJ', '6', '小食杂店', 199405, NULL, '2018051516491392515135922', '2018051516491238387124462', NULL, NULL, NULL, NULL, NULL, NULL, NULL, '1');


INSERT INTO aa09(AAA100, AAA101, AAA104, AAZ094) VALUES
('CYDDCYHJ', '抽样地点餐饮环节', '1', '2018051517012571481560889');
INSERT INTO aa10(AAA100, AAA102, AAA103, AAE030, AAE031, AAZ093, AAZ094, AAA104, AAA101, AAA105, aaa106, aaa107, aae011, aae036, yxbz) VALUES
('CYDDCYHJ', '10', '餐馆', 199405, NULL, '2018051517012589903688980', '2018051517012571481560889', NULL, NULL, NULL, NULL, NULL, NULL, NULL, '1');
INSERT INTO aa10(AAA100, AAA102, AAA103, AAE030, AAE031, AAZ093, AAZ094, AAA104, AAA101, AAA105, aaa106, aaa107, aae011, aae036, yxbz) VALUES
('CYDDCYHJ', '70', '中央厨房', 199405, NULL, '2018051517012618002196324', '2018051517012571481560889', NULL, NULL, NULL, NULL, NULL, NULL, NULL, '1');
INSERT INTO aa10(AAA100, AAA102, AAA103, AAE030, AAE031, AAZ093, AAZ094, AAA104, AAA101, AAA105, aaa106, aaa107, aae011, aae036, yxbz) VALUES
('CYDDCYHJ', '60', '集体用餐配送单位', 199405, NULL, '2018051517012622619029155', '2018051517012571481560889', NULL, NULL, NULL, NULL, NULL, NULL, NULL, '1');
INSERT INTO aa10(AAA100, AAA102, AAA103, AAE030, AAE031, AAZ093, AAZ094, AAA104, AAA101, AAA105, aaa106, aaa107, aae011, aae036, yxbz) VALUES
('CYDDCYHJ', '40', '快餐店', 199405, NULL, '2018051517012623067520487', '2018051517012571481560889', NULL, NULL, NULL, NULL, NULL, NULL, NULL, '1');
INSERT INTO aa10(AAA100, AAA102, AAA103, AAE030, AAE031, AAZ093, AAZ094, AAA104, AAA101, AAA105, aaa106, aaa107, aae011, aae036, yxbz) VALUES
('CYDDCYHJ', '20', '食堂', 199405, NULL, '2018051517012635073765306', '2018051517012571481560889', NULL, NULL, NULL, NULL, NULL, NULL, NULL, '1');
INSERT INTO aa10(AAA100, AAA102, AAA103, AAE030, AAE031, AAZ093, AAZ094, AAA104, AAA101, AAA105, aaa106, aaa107, aae011, aae036, yxbz) VALUES
('CYDDCYHJ', '30', '小吃店', 199405, NULL, '2018051517012656577626660', '2018051517012571481560889', NULL, NULL, NULL, NULL, NULL, NULL, NULL, '1');
INSERT INTO aa10(AAA100, AAA102, AAA103, AAE030, AAE031, AAZ093, AAZ094, AAA104, AAA101, AAA105, aaa106, aaa107, aae011, aae036, yxbz) VALUES
('CYDDCYHJ', '50', '饮品店', 199405, NULL, '2018051517012698364317508', '2018051517012571481560889', NULL, NULL, NULL, NULL, NULL, NULL, NULL, '1');
INSERT INTO aa10(AAA100, AAA102, AAA103, AAE030, AAE031, AAZ093, AAZ094, AAA104, AAA101, AAA105, aaa106, aaa107, aae011, aae036, yxbz) VALUES
('CYDDCYHJ', '80', '其他', 199405, NULL, '2018051517012722153897231', '2018051517012571481560889', NULL, NULL, NULL, NULL, NULL, NULL, NULL, '1');


INSERT INTO aa09(AAA100, AAA101, AAA104, AAZ094) VALUES
('CYDDCYHJCG', '抽样地点餐饮环节餐馆', '1', '2018051517103290634440808');
INSERT INTO aa10(AAA100, AAA102, AAA103, AAE030, AAE031, AAZ093, AAZ094, AAA104, AAA101, AAA105, aaa106, aaa107, aae011, aae036, yxbz) VALUES
('CYDDCYHJCG', '11', '特大型餐馆', 199405, NULL, '2018051517103298035422710', '2018051517103290634440808', NULL, NULL, NULL, NULL, NULL, NULL, NULL, '1');
INSERT INTO aa10(AAA100, AAA102, AAA103, AAE030, AAE031, AAZ093, AAZ094, AAA104, AAA101, AAA105, aaa106, aaa107, aae011, aae036, yxbz) VALUES
('CYDDCYHJCG', '12', '大型餐馆', 199405, NULL, '2018051517103318273794202', '2018051517103290634440808', NULL, NULL, NULL, NULL, NULL, NULL, NULL, '1');
INSERT INTO aa10(AAA100, AAA102, AAA103, AAE030, AAE031, AAZ093, AAZ094, AAA104, AAA101, AAA105, aaa106, aaa107, aae011, aae036, yxbz) VALUES
('CYDDCYHJCG', '14', '小型餐馆', 199405, NULL, '2018051517103331492150231', '2018051517103290634440808', NULL, NULL, NULL, NULL, NULL, NULL, NULL, '1');
INSERT INTO aa10(AAA100, AAA102, AAA103, AAE030, AAE031, AAZ093, AAZ094, AAA104, AAA101, AAA105, aaa106, aaa107, aae011, aae036, yxbz) VALUES
('CYDDCYHJCG', '13', '中型餐馆', 199405, NULL, '2018051517103397262705953', '2018051517103290634440808', NULL, NULL, NULL, NULL, NULL, NULL, NULL, '1');


INSERT INTO aa09(AAA100, AAA101, AAA104, AAZ094) VALUES
('CYDDCYHJST', '抽样地点餐饮环节食堂', '1', '2018051517190926687842810');
INSERT INTO aa10(AAA100, AAA102, AAA103, AAE030, AAE031, AAZ093, AAZ094, AAA104, AAA101, AAA105, aaa106, aaa107, aae011, aae036, yxbz) VALUES
('CYDDCYHJST', '21', '机关食堂', 199405, NULL, '2018051517190958487611970', '2018051517190926687842810', NULL, NULL, NULL, NULL, NULL, NULL, NULL, '1');
INSERT INTO aa10(AAA100, AAA102, AAA103, AAE030, AAE031, AAZ093, AAZ094, AAA104, AAA101, AAA105, aaa106, aaa107, aae011, aae036, yxbz) VALUES
('CYDDCYHJST', '23', '企事业单位食堂', 199405, NULL, '2018051517191046695717560', '2018051517190926687842810', NULL, NULL, NULL, NULL, NULL, NULL, NULL, '1');
INSERT INTO aa10(AAA100, AAA102, AAA103, AAE030, AAE031, AAZ093, AAZ094, AAA104, AAA101, AAA105, aaa106, aaa107, aae011, aae036, yxbz) VALUES
('CYDDCYHJST', '24', '建筑工地食堂', 199405, NULL, '2018051517191080183460638', '2018051517190926687842810', NULL, NULL, NULL, NULL, NULL, NULL, NULL, '1');
INSERT INTO aa10(AAA100, AAA102, AAA103, AAE030, AAE031, AAZ093, AAZ094, AAA104, AAA101, AAA105, aaa106, aaa107, aae011, aae036, yxbz) VALUES
('CYDDCYHJST', '22', '学校∕托幼食堂', 199405, NULL, '2018051517191084431710079', '2018051517190926687842810', NULL, NULL, NULL, NULL, NULL, NULL, NULL, '1');


INSERT INTO aa09(AAA100, AAA101, AAA104, AAZ094) VALUES
('YPXXYPLY', '样品信息样品来源', '1', '2018051517382756147510331');
INSERT INTO aa10(AAA100, AAA102, AAA103, AAE030, AAE031, AAZ093, AAZ094, AAA104, AAA101, AAA105, aaa106, aaa107, aae011, aae036, yxbz) VALUES
('YPXXYPLY', '2', '委托生产', 199405, NULL, '2018051517382745497180843', '2018051517382756147510331', NULL, NULL, NULL, NULL, NULL, NULL, NULL, '1');
INSERT INTO aa10(AAA100, AAA102, AAA103, AAE030, AAE031, AAZ093, AAZ094, AAA104, AAA101, AAA105, aaa106, aaa107, aae011, aae036, yxbz) VALUES
('YPXXYPLY', '1', '加工∕自制', 199405, NULL, '2018051517382782787941752', '2018051517382756147510331', NULL, NULL, NULL, NULL, NULL, NULL, NULL, '1');
INSERT INTO aa10(AAA100, AAA102, AAA103, AAE030, AAE031, AAZ093, AAZ094, AAA104, AAA101, AAA105, aaa106, aaa107, aae011, aae036, yxbz) VALUES
('YPXXYPLY', '4', '其他', 199405, NULL, '2018051517382859118870700', '2018051517382756147510331', NULL, NULL, NULL, NULL, NULL, NULL, NULL, '1');
INSERT INTO aa10(AAA100, AAA102, AAA103, AAE030, AAE031, AAZ093, AAZ094, AAA104, AAA101, AAA105, aaa106, aaa107, aae011, aae036, yxbz) VALUES
('YPXXYPLY', '3', '外购', 199405, NULL, '2018051517382879122082031', '2018051517382756147510331', NULL, NULL, NULL, NULL, NULL, NULL, NULL, '1');


INSERT INTO aa09(AAA100, AAA101, AAA104, AAZ094) VALUES
('YPXXYPSX', '样品信息样品属性', '1', '2018051517424276130612544');
INSERT INTO aa10(AAA100, AAA102, AAA103, AAE030, AAE031, AAZ093, AAZ094, AAA104, AAA101, AAA105, aaa106, aaa107, aae011, aae036, yxbz) VALUES
('YPXXYPSX', '1', '普通食品', 199405, NULL, '2018051517424291877226803', '2018051517424276130612544', NULL, NULL, NULL, NULL, NULL, NULL, NULL, '1');
INSERT INTO aa10(AAA100, AAA102, AAA103, AAE030, AAE031, AAZ093, AAZ094, AAA104, AAA101, AAA105, aaa106, aaa107, aae011, aae036, yxbz) VALUES
('YPXXYPSX', '2', '特殊膳食食品', 199405, NULL, '2018051517424330994299455', '2018051517424276130612544', NULL, NULL, NULL, NULL, NULL, NULL, NULL, '1');
INSERT INTO aa10(AAA100, AAA102, AAA103, AAE030, AAE031, AAZ093, AAZ094, AAA104, AAA101, AAA105, aaa106, aaa107, aae011, aae036, yxbz) VALUES
('YPXXYPSX', '4', '重大活动保障食品', 199405, NULL, '2018051517424337162044120', '2018051517424276130612544', NULL, NULL, NULL, NULL, NULL, NULL, NULL, '1');
INSERT INTO aa10(AAA100, AAA102, AAA103, AAE030, AAE031, AAZ093, AAZ094, AAA104, AAA101, AAA105, aaa106, aaa107, aae011, aae036, yxbz) VALUES
('YPXXYPSX', '3', '节令食品', 199405, NULL, '2018051517424379339819941', '2018051517424276130612544', NULL, NULL, NULL, NULL, NULL, NULL, NULL, '1');


INSERT INTO aa09(AAA100, AAA101, AAA104, AAZ094) VALUES
('YPXXYPLX', '样品信息样品类型', '1', '2018051517463596304942291');
INSERT INTO aa10(AAA100, AAA102, AAA103, AAE030, AAE031, AAZ093, AAZ094, AAA104, AAA101, AAA105, aaa106, aaa107, aae011, aae036, yxbz) VALUES
('YPXXYPLX', '3', '餐饮加工食品', 199405, NULL, '2018051517463544641909230', '2018051517463596304942291', NULL, NULL, NULL, NULL, NULL, NULL, NULL, '1');
INSERT INTO aa10(AAA100, AAA102, AAA103, AAE030, AAE031, AAZ093, AAZ094, AAA104, AAA101, AAA105, aaa106, aaa107, aae011, aae036, yxbz) VALUES
('YPXXYPLX', '1', '食用农产品', 199405, NULL, '2018051517463547683559402', '2018051517463596304942291', NULL, NULL, NULL, NULL, NULL, NULL, NULL, '1');
INSERT INTO aa10(AAA100, AAA102, AAA103, AAE030, AAE031, AAZ093, AAZ094, AAA104, AAA101, AAA105, aaa106, aaa107, aae011, aae036, yxbz) VALUES
('YPXXYPLX', '2', '工业加工食品', 199405, NULL, '2018051517463549502973211', '2018051517463596304942291', NULL, NULL, NULL, NULL, NULL, NULL, NULL, '1');
INSERT INTO aa10(AAA100, AAA102, AAA103, AAE030, AAE031, AAZ093, AAZ094, AAA104, AAA101, AAA105, aaa106, aaa107, aae011, aae036, yxbz) VALUES
('YPXXYPLX', '5', '食品相关产品', 199405, NULL, '2018051517463555667620576', '2018051517463596304942291', NULL, NULL, NULL, NULL, NULL, NULL, NULL, '1');
INSERT INTO aa10(AAA100, AAA102, AAA103, AAE030, AAE031, AAZ093, AAZ094, AAA104, AAA101, AAA105, aaa106, aaa107, aae011, aae036, yxbz) VALUES
('YPXXYPLX', '6', '其他', 199405, NULL, '2018051517463556901991792', '2018051517463596304942291', NULL, NULL, NULL, NULL, NULL, NULL, NULL, '1');
INSERT INTO aa10(AAA100, AAA102, AAA103, AAE030, AAE031, AAZ093, AAZ094, AAA104, AAA101, AAA105, aaa106, aaa107, aae011, aae036, yxbz) VALUES
('YPXXYPLX', '4', '食品添加剂', 199405, NULL, '2018051517463573812038054', '2018051517463596304942291', NULL, NULL, NULL, NULL, NULL, NULL, NULL, '1');


INSERT INTO aa09(AAA100, AAA101, AAA104, AAZ094) VALUES
('CJJGRWJSBZ', '承检机构任务接受标志', '1', '2018051611374295900930739');
INSERT INTO aa10(AAA100, AAA102, AAA103, AAE030, AAE031, AAZ093, AAZ094, AAA104, AAA101, AAA105, aaa106, aaa107, aae011, aae036, yxbz) VALUES
('CJJGRWJSBZ', '0', '未处理', 199405, NULL, '2018051611374249430708074', '2018051611374295900930739', NULL, NULL, NULL, NULL, NULL, NULL, NULL, '1');
INSERT INTO aa10(AAA100, AAA102, AAA103, AAE030, AAE031, AAZ093, AAZ094, AAA104, AAA101, AAA105, aaa106, aaa107, aae011, aae036, yxbz) VALUES
('CJJGRWJSBZ', '2', '不接受', 199405, NULL, '2018051611374348961634979', '2018051611374295900930739', NULL, NULL, NULL, NULL, NULL, NULL, NULL, '1');
INSERT INTO aa10(AAA100, AAA102, AAA103, AAE030, AAE031, AAZ093, AAZ094, AAA104, AAA101, AAA105, aaa106, aaa107, aae011, aae036, yxbz) VALUES
('CJJGRWJSBZ', '1', '接受', 199405, NULL, '2018051611374359450751225', '2018051611374295900930739', NULL, NULL, NULL, NULL, NULL, NULL, NULL, '1');


INSERT INTO aa09(AAA100, AAA101, AAA104, AAZ094) VALUES
('JCRWZXZT', '检测任务执行状态', '1', '2018051612050330001158108');
INSERT INTO aa10(AAA100, AAA102, AAA103, AAE030, AAE031, AAZ093, AAZ094, AAA104, AAA101, AAA105, aaa106, aaa107, aae011, aae036, yxbz, paixu) VALUES
('JCRWZXZT', '50', '已提交抽样报告', 199405, NULL, '2018051612050324547152616', '2018051612050330001158108', NULL, NULL, NULL, NULL, NULL, NULL, NULL, '1', 0);
INSERT INTO aa10(AAA100, AAA102, AAA103, AAE030, AAE031, AAZ093, AAZ094, AAA104, AAA101, AAA105, aaa106, aaa107, aae011, aae036, yxbz, paixu) VALUES
('JCRWZXZT', '30', '抽样中', 199405, NULL, '2018051612050328115025375', '2018051612050330001158108', NULL, NULL, NULL, NULL, NULL, NULL, NULL, '1', 0);
INSERT INTO aa10(AAA100, AAA102, AAA103, AAE030, AAE031, AAZ093, AAZ094, AAA104, AAA101, AAA105, aaa106, aaa107, aae011, aae036, yxbz, paixu) VALUES
('JCRWZXZT', '0', '新增未处理', 199405, NULL, '2018051612050333770435521', '2018051612050330001158108', NULL, NULL, NULL, NULL, NULL, NULL, NULL, '1', 0);
INSERT INTO aa10(AAA100, AAA102, AAA103, AAE030, AAE031, AAZ093, AAZ094, AAA104, AAA101, AAA105, aaa106, aaa107, aae011, aae036, yxbz, paixu) VALUES
('JCRWZXZT', '60', '抽样任务完成', 199405, NULL, '2018051612050337400430755', '2018051612050330001158108', NULL, NULL, NULL, NULL, NULL, NULL, NULL, '1', 0);
INSERT INTO aa10(AAA100, AAA102, AAA103, AAE030, AAE031, AAZ093, AAZ094, AAA104, AAA101, AAA105, aaa106, aaa107, aae011, aae036, yxbz, paixu) VALUES
('JCRWZXZT', '40', '检测中', 199405, NULL, '2018051612050361778445133', '2018051612050330001158108', NULL, NULL, NULL, NULL, NULL, NULL, NULL, '1', 0);
INSERT INTO aa10(AAA100, AAA102, AAA103, AAE030, AAE031, AAZ093, AAZ094, AAA104, AAA101, AAA105, aaa106, aaa107, aae011, aae036, yxbz, paixu) VALUES
('JCRWZXZT', '10', '承检机构接受', 199405, NULL, '2018051612050378848706352', '2018051612050330001158108', NULL, NULL, NULL, NULL, NULL, NULL, NULL, '1', 0);
INSERT INTO aa10(AAA100, AAA102, AAA103, AAE030, AAE031, AAZ093, AAZ094, AAA104, AAA101, AAA105, aaa106, aaa107, aae011, aae036, yxbz, paixu) VALUES
('JCRWZXZT', '20', '承检机构不接受', 199405, NULL, '2018051612050392932228271', '2018051612050330001158108', NULL, NULL, NULL, NULL, NULL, NULL, NULL, '1', 0);


INSERT INTO aa09(AAA100, AAA101, AAA104, AAZ094) VALUES
('SHIFOUBZ', '是否标志', '1', '2018051616484231058951403');
INSERT INTO aa10(AAA100, AAA102, AAA103, AAE030, AAE031, AAZ093, AAZ094, AAA104, AAA101, AAA105, aaa106, aaa107, aae011, aae036, yxbz, paixu) VALUES
('SHIFOUBZ', '0', '否', 199405, NULL, '2018051616484257935069648', '2018051616484231058951403', NULL, NULL, NULL, NULL, NULL, NULL, NULL, '1', 0);
INSERT INTO aa10(AAA100, AAA102, AAA103, AAE030, AAE031, AAZ093, AAZ094, AAA104, AAA101, AAA105, aaa106, aaa107, aae011, aae036, yxbz, paixu) VALUES
('SHIFOUBZ', '1', '是', 199405, NULL, '2018051616484396498497106', '2018051616484231058951403', NULL, NULL, NULL, NULL, NULL, NULL, NULL, '1', 0);


INSERT INTO aa09(AAA100, AAA101, AAA104, AAZ094) VALUES
('QIYEZYLX', '企业质疑类型', '1', '2018051617195014512525791');
INSERT INTO aa10(AAA100, AAA102, AAA103, AAE030, AAE031, AAZ093, AAZ094, AAA104, AAA101, AAA105, aaa106, aaa107, aae011, aae036, yxbz, paixu) VALUES
('QIYEZYLX', '1', '对抽样过程质疑', 199405, NULL, '2018051617195070144963422', '2018051617195014512525791', NULL, NULL, NULL, NULL, NULL, NULL, NULL, '1', 0);
INSERT INTO aa10(AAA100, AAA102, AAA103, AAE030, AAE031, AAZ093, AAZ094, AAA104, AAA101, AAA105, aaa106, aaa107, aae011, aae036, yxbz, paixu) VALUES
('QIYEZYLX', '3', '对被抽样品的真实性质疑', 199405, NULL, '2018051617195125501326867', '2018051617195014512525791', NULL, NULL, NULL, NULL, NULL, NULL, NULL, '1', 0);
INSERT INTO aa10(AAA100, AAA102, AAA103, AAE030, AAE031, AAZ093, AAZ094, AAA104, AAA101, AAA105, aaa106, aaa107, aae011, aae036, yxbz, paixu) VALUES
('QIYEZYLX', '9', '其他质疑', 199405, NULL, '2018051617195148268112864', '2018051617195014512525791', NULL, NULL, NULL, NULL, NULL, NULL, NULL, '1', 0);
INSERT INTO aa10(AAA100, AAA102, AAA103, AAE030, AAE031, AAZ093, AAZ094, AAA104, AAA101, AAA105, aaa106, aaa107, aae011, aae036, yxbz, paixu) VALUES
('QIYEZYLX', '5', '对判定依据质疑', 199405, NULL, '2018051617195153220567343', '2018051617195014512525791', NULL, NULL, NULL, NULL, NULL, NULL, NULL, '1', 0);
INSERT INTO aa10(AAA100, AAA102, AAA103, AAE030, AAE031, AAZ093, AAZ094, AAA104, AAA101, AAA105, aaa106, aaa107, aae011, aae036, yxbz, paixu) VALUES
('QIYEZYLX', '4', '对检验方法质疑', 199405, NULL, '2018051617195159449089740', '2018051617195014512525791', NULL, NULL, NULL, NULL, NULL, NULL, NULL, '1', 0);
INSERT INTO aa10(AAA100, AAA102, AAA103, AAE030, AAE031, AAZ093, AAZ094, AAA104, AAA101, AAA105, aaa106, aaa107, aae011, aae036, yxbz, paixu) VALUES
('QIYEZYLX', '2', '对不合格检验结论质疑', 199405, NULL, '2018051617195171872428120', '2018051617195014512525791', NULL, NULL, NULL, NULL, NULL, NULL, NULL, '1', 0);

INSERT INTO aa09(AAA100, AAA101, AAA104, AAZ094) VALUES
('YYSHZZYY', '异议审核终止原因', '1', '2018051710380457966068534');
INSERT INTO aa10(AAA100, AAA102, AAA103, AAE030, AAE031, AAZ093, AAZ094, AAA104, AAA101, AAA105, aaa106, aaa107, aae011, aae036, yxbz, paixu) VALUES
('YYSHZZYY', '1', '发现异议申请提供虚假材料的', 199405, NULL, '2018051710380445012960159', '2018051710380457966068534', NULL, NULL, NULL, NULL, NULL, NULL, NULL, '1', 0);
INSERT INTO aa10(AAA100, AAA102, AAA103, AAE030, AAE031, AAZ093, AAZ094, AAA104, AAA101, AAA105, aaa106, aaa107, aae011, aae036, yxbz, paixu) VALUES
('YYSHZZYY', '3', '未按规定时限提交相关证明材料的', 199405, NULL, '2018051710380520794113931', '2018051710380457966068534', NULL, NULL, NULL, NULL, NULL, NULL, NULL, '1', 0);
INSERT INTO aa10(AAA100, AAA102, AAA103, AAE030, AAE031, AAZ093, AAZ094, AAA104, AAA101, AAA105, aaa106, aaa107, aae011, aae036, yxbz, paixu) VALUES
('YYSHZZYY', '2', '证明材料不能证明异议内容的', 199405, NULL, '2018051710380551166598267', '2018051710380457966068534', NULL, NULL, NULL, NULL, NULL, NULL, NULL, '1', 0);


INSERT INTO aa09(AAA100, AAA101, AAA104, AAZ094) VALUES
('SENDTYPE', '发送方式', '1', '2018051715453713474076533');
INSERT INTO aa10(AAA100, AAA102, AAA103, AAE030, AAE031, AAZ093, AAZ094, AAA104, AAA101, AAA105, aaa106, aaa107, aae011, aae036, yxbz, paixu) VALUES
('SENDTYPE', '1', '应用内', 199405, NULL, '2018051715453792685880220', '2018051715453713474076533', NULL, NULL, NULL, NULL, NULL, NULL, NULL, '1', 0);
INSERT INTO aa10(AAA100, AAA102, AAA103, AAE030, AAE031, AAZ093, AAZ094, AAA104, AAA101, AAA105, aaa106, aaa107, aae011, aae036, yxbz, paixu) VALUES
('SENDTYPE', '3', '电话', 199405, NULL, '2018051715453817978069380', '2018051715453713474076533', NULL, NULL, NULL, NULL, NULL, NULL, NULL, '1', 0);
INSERT INTO aa10(AAA100, AAA102, AAA103, AAE030, AAE031, AAZ093, AAZ094, AAA104, AAA101, AAA105, aaa106, aaa107, aae011, aae036, yxbz, paixu) VALUES
('SENDTYPE', '2', '短信', 199405, NULL, '2018051715453859207135860', '2018051715453713474076533', NULL, NULL, NULL, NULL, NULL, NULL, NULL, '1', 0);


INSERT INTO aa09(AAA100, AAA101, AAA104, AAZ094) VALUES
('REMINDTYPE', '提醒方式', '1', '2018051715481573538374969');
INSERT INTO aa10(AAA100, AAA102, AAA103, AAE030, AAE031, AAZ093, AAZ094, AAA104, AAA101, AAA105, aaa106, aaa107, aae011, aae036, yxbz, paixu) VALUES
('REMINDTYPE', '1', '应用内', 199405, NULL, '2018051715481562525962630', '2018051715481573538374969', NULL, NULL, NULL, NULL, NULL, NULL, NULL, '1', 0);
INSERT INTO aa10(AAA100, AAA102, AAA103, AAE030, AAE031, AAZ093, AAZ094, AAA104, AAA101, AAA105, aaa106, aaa107, aae011, aae036, yxbz, paixu) VALUES
('REMINDTYPE', '3', '电话', 199405, NULL, '2018051715481572495571777', '2018051715481573538374969', NULL, NULL, NULL, NULL, NULL, NULL, NULL, '1', 0);
INSERT INTO aa10(AAA100, AAA102, AAA103, AAE030, AAE031, AAZ093, AAZ094, AAA104, AAA101, AAA105, aaa106, aaa107, aae011, aae036, yxbz, paixu) VALUES
('REMINDTYPE', '4', '闹钟', 199405, NULL, '2018051715481586433788003', '2018051715481573538374969', NULL, NULL, NULL, NULL, NULL, NULL, NULL, '1', 0);
INSERT INTO aa10(AAA100, AAA102, AAA103, AAE030, AAE031, AAZ093, AAZ094, AAA104, AAA101, AAA105, aaa106, aaa107, aae011, aae036, yxbz, paixu) VALUES
('REMINDTYPE', '2', '短信', 199405, NULL, '2018051715481592014691319', '2018051715481573538374969', NULL, NULL, NULL, NULL, NULL, NULL, NULL, '1', 0);
INSERT INTO aa10(AAA100, AAA102, AAA103, AAE030, AAE031, AAZ093, AAZ094, AAA104, AAA101, AAA105, aaa106, aaa107, aae011, aae036, yxbz, paixu) VALUES
('REMINDTYPE', '5', '闹钟', 199405, NULL, '2018051715481586433788005', '2018051715481573538374969', NULL, NULL, NULL, NULL, NULL, NULL, NULL, '1', 0);


INSERT INTO aa09(AAA100, AAA101, AAA104, AAZ094) VALUES
('TASKREMINDTIME', '到期提前提醒时间', '1', '2018051716034289665126418');
INSERT INTO aa10(AAA100, AAA102, AAA103, AAE030, AAE031, AAZ093, AAZ094, AAA104, AAA101, AAA105, aaa106, aaa107, aae011, aae036, yxbz, paixu) VALUES
('TASKREMINDTIME', '15', '截止前15分钟', 199405, NULL, '2018051716034217174876310', '2018051716034289665126418', NULL, NULL, NULL, NULL, NULL, NULL, NULL, '1', 0);
INSERT INTO aa10(AAA100, AAA102, AAA103, AAE030, AAE031, AAZ093, AAZ094, AAA104, AAA101, AAA105, aaa106, aaa107, aae011, aae036, yxbz, paixu) VALUES
('TASKREMINDTIME', '180', '截止前3小时', 199405, NULL, '2018051716034225646154885', '2018051716034289665126418', NULL, NULL, NULL, NULL, NULL, NULL, NULL, '1', 0);
INSERT INTO aa10(AAA100, AAA102, AAA103, AAE030, AAE031, AAZ093, AAZ094, AAA104, AAA101, AAA105, aaa106, aaa107, aae011, aae036, yxbz, paixu) VALUES
('TASKREMINDTIME', '60', '截止前1小时', 199405, NULL, '2018051716034226159722941', '2018051716034289665126418', NULL, NULL, NULL, NULL, NULL, NULL, NULL, '1', 0);
INSERT INTO aa10(AAA100, AAA102, AAA103, AAE030, AAE031, AAZ093, AAZ094, AAA104, AAA101, AAA105, aaa106, aaa107, aae011, aae036, yxbz, paixu) VALUES
('TASKREMINDTIME', '1440', '截止前1天', 199405, NULL, '2018051716034249751608678', '2018051716034289665126418', NULL, NULL, NULL, NULL, NULL, NULL, NULL, '1', 0);
INSERT INTO aa10(AAA100, AAA102, AAA103, AAE030, AAE031, AAZ093, AAZ094, AAA104, AAA101, AAA105, aaa106, aaa107, aae011, aae036, yxbz, paixu) VALUES
('TASKREMINDTIME', '0', '不提醒', 199405, NULL, '2018051716034294142572762', '2018051716034289665126418', NULL, NULL, NULL, NULL, NULL, NULL, NULL, '1', 0);


INSERT INTO aa09(AAA100, AAA101, AAA104, AAZ094) VALUES
('REPLYTYPE', '回复类型', '1', '2018051716332093813032558');
INSERT INTO aa10(AAA100, AAA102, AAA103, AAE030, AAE031, AAZ093, AAZ094, AAA104, AAA101, AAA105, aaa106, aaa107, aae011, aae036, yxbz, paixu) VALUES
('REPLYTYPE', '0', '系统回复', 199405, NULL, '2018051716332070677004168', '2018051716332093813032558', NULL, NULL, NULL, NULL, NULL, NULL, NULL, '1', 0);
INSERT INTO aa10(AAA100, AAA102, AAA103, AAE030, AAE031, AAZ093, AAZ094, AAA104, AAA101, AAA105, aaa106, aaa107, aae011, aae036, yxbz, paixu) VALUES
('REPLYTYPE', '1', '相关人回复', 199405, NULL, '2018051716332071945926241', '2018051716332093813032558', NULL, NULL, NULL, NULL, NULL, NULL, NULL, '1', 0);


INSERT INTO aa09(AAA100, AAA101, AAA104, AAZ094) VALUES
('COMPLETESTATE', '完成状态', '1', '2018051716420114190165246');
INSERT INTO aa10(AAA100, AAA102, AAA103, AAE030, AAE031, AAZ093, AAZ094, AAA104, AAA101, AAA105, aaa106, aaa107, aae011, aae036, yxbz, paixu) VALUES
('COMPLETESTATE', '2', '不能完成', 199405, NULL, '2018051716420119902375731', '2018051716420114190165246', NULL, NULL, NULL, NULL, NULL, NULL, NULL, '1', 0);
INSERT INTO aa10(AAA100, AAA102, AAA103, AAE030, AAE031, AAZ093, AAZ094, AAA104, AAA101, AAA105, aaa106, aaa107, aae011, aae036, yxbz, paixu) VALUES
('COMPLETESTATE', '1', '已完成', 199405, NULL, '2018051716420157828791490', '2018051716420114190165246', NULL, NULL, NULL, NULL, NULL, NULL, NULL, '1', 0);
INSERT INTO aa10(AAA100, AAA102, AAA103, AAE030, AAE031, AAZ093, AAZ094, AAA104, AAA101, AAA105, aaa106, aaa107, aae011, aae036, yxbz, paixu) VALUES
('COMPLETESTATE', '0', '未完成', 199405, NULL, '2018051716420169670674362', '2018051716420114190165246', NULL, NULL, NULL, NULL, NULL, NULL, NULL, '1', 0);


INSERT INTO aa09(AAA100, AAA101, AAA104, AAZ094) VALUES
('MATTERMANTYPE', '事项关联人类型', '1', '2018051717410594397624390');
INSERT INTO aa10(AAA100, AAA102, AAA103, AAE030, AAE031, AAZ093, AAZ094, AAA104, AAA101, AAA105, aaa106, aaa107, aae011, aae036, yxbz, paixu) VALUES
('MATTERMANTYPE', '3', '会议纪要记录人', 199405, NULL, '2018051717410517213017788', '2018051717410594397624390', NULL, NULL, NULL, NULL, NULL, NULL, NULL, '1', 0);
INSERT INTO aa10(AAA100, AAA102, AAA103, AAE030, AAE031, AAZ093, AAZ094, AAA104, AAA101, AAA105, aaa106, aaa107, aae011, aae036, yxbz, paixu) VALUES
('MATTERMANTYPE', '1', '执行人', 199405, NULL, '2018051717410537871698418', '2018051717410594397624390', NULL, NULL, NULL, NULL, NULL, NULL, NULL, '1', 0);
INSERT INTO aa10(AAA100, AAA102, AAA103, AAE030, AAE031, AAZ093, AAZ094, AAA104, AAA101, AAA105, aaa106, aaa107, aae011, aae036, yxbz, paixu) VALUES
('MATTERMANTYPE', '2', '抄送人', 199405, NULL, '2018051717410561656219940', '2018051717410594397624390', NULL, NULL, NULL, NULL, NULL, NULL, NULL, '1', 0);
INSERT INTO aa10(AAA100, AAA102, AAA103, AAE030, AAE031, AAZ093, AAZ094, AAA104, AAA101, AAA105, aaa106, aaa107, aae011, aae036, yxbz, paixu) VALUES
('MATTERMANTYPE', '4', '参会人', 199405, NULL, '2018051717410567568226035', '2018051717410594397624390', NULL, NULL, NULL, NULL, NULL, NULL, NULL, '1', 0);


INSERT INTO aa09(AAA100, AAA101, AAA104, AAZ094) VALUES
('TASKMANTYPE', '任务关联人类型', '1', '2018051717583814477892978');
INSERT INTO aa10(AAA100, AAA102, AAA103, AAE030, AAE031, AAZ093, AAZ094, AAA104, AAA101, AAA105, aaa106, aaa107, aae011, aae036, yxbz, paixu) VALUES
('TASKMANTYPE', '2', '抄送人', 199405, NULL, '2018051717583840336074300', '2018051717583814477892978', NULL, NULL, NULL, NULL, NULL, NULL, NULL, '1', 0);
INSERT INTO aa10(AAA100, AAA102, AAA103, AAE030, AAE031, AAZ093, AAZ094, AAA104, AAA101, AAA105, aaa106, aaa107, aae011, aae036, yxbz, paixu) VALUES
('TASKMANTYPE', '1', '执行人', 199405, NULL, '2018051717583868767407321', '2018051717583814477892978', NULL, NULL, NULL, NULL, NULL, NULL, NULL, '1', 0);


INSERT INTO aa09(AAA100, AAA101, AAA104, AAZ094) VALUES
('MEETINGREMINDTIME', '会前提醒时间', '1', '2018051718405145298381750');
INSERT INTO aa10(AAA100, AAA102, AAA103, AAE030, AAE031, AAZ093, AAZ094, AAA104, AAA101, AAA105, aaa106, aaa107, aae011, aae036, yxbz, paixu) VALUES
('MEETINGREMINDTIME', '1440', '提前1天', 199405, NULL, '2018051718405114712714790', '2018051718405145298381750', NULL, NULL, NULL, NULL, NULL, NULL, NULL, '1', 0);
INSERT INTO aa10(AAA100, AAA102, AAA103, AAE030, AAE031, AAZ093, AAZ094, AAA104, AAA101, AAA105, aaa106, aaa107, aae011, aae036, yxbz, paixu) VALUES
('MEETINGREMINDTIME', '5', '提前5分钟', 199405, NULL, '2018051718405129433907502', '2018051718405145298381750', NULL, NULL, NULL, NULL, NULL, NULL, NULL, '1', 0);
INSERT INTO aa10(AAA100, AAA102, AAA103, AAE030, AAE031, AAZ093, AAZ094, AAA104, AAA101, AAA105, aaa106, aaa107, aae011, aae036, yxbz, paixu) VALUES
('MEETINGREMINDTIME', '30', '提前30分钟', 199405, NULL, '2018051718405151558834455', '2018051718405145298381750', NULL, NULL, NULL, NULL, NULL, NULL, NULL, '1', 0);
INSERT INTO aa10(AAA100, AAA102, AAA103, AAE030, AAE031, AAZ093, AAZ094, AAA104, AAA101, AAA105, aaa106, aaa107, aae011, aae036, yxbz, paixu) VALUES
('MEETINGREMINDTIME', '0', '会议开始时', 199405, NULL, '2018051718405153065809936', '2018051718405145298381750', NULL, NULL, NULL, NULL, NULL, NULL, NULL, '1', 0);
INSERT INTO aa10(AAA100, AAA102, AAA103, AAE030, AAE031, AAZ093, AAZ094, AAA104, AAA101, AAA105, aaa106, aaa107, aae011, aae036, yxbz, paixu) VALUES
('MEETINGREMINDTIME', '15', '提前15分钟', 199405, NULL, '2018051718405187972110778', '2018051718405145298381750', NULL, NULL, NULL, NULL, NULL, NULL, NULL, '1', 0);
INSERT INTO aa10(AAA100, AAA102, AAA103, AAE030, AAE031, AAZ093, AAZ094, AAA104, AAA101, AAA105, aaa106, aaa107, aae011, aae036, yxbz, paixu) VALUES
('MEETINGREMINDTIME', '60', '提前1小时', 199405, NULL, '2018051718405193877843016', '2018051718405145298381750', NULL, NULL, NULL, NULL, NULL, NULL, NULL, '1', 0);


INSERT INTO aa09(AAA100, AAA101, AAA104, AAZ094) VALUES
('MEETINGMANTYPE', '会议关联人类型', '1', '2018051718462244800367240');
INSERT INTO aa10(AAA100, AAA102, AAA103, AAE030, AAE031, AAZ093, AAZ094, AAA104, AAA101, AAA105, aaa106, aaa107, aae011, aae036, yxbz, paixu) VALUES
('MEETINGMANTYPE', '2', '参会人', 199405, NULL, '2018051718462213168684032', '2018051718462244800367240', NULL, NULL, NULL, NULL, NULL, NULL, NULL, '1', 0);
INSERT INTO aa10(AAA100, AAA102, AAA103, AAE030, AAE031, AAZ093, AAZ094, AAA104, AAA101, AAA105, aaa106, aaa107, aae011, aae036, yxbz, paixu) VALUES
('MEETINGMANTYPE', '1', '会议纪要记录人', 199405, NULL, '2018051718462245321758226', '2018051718462244800367240', NULL, NULL, NULL, NULL, NULL, NULL, NULL, '1', 0);


INSERT INTO aa09(AAA100, AAA101, AAA104, AAZ094) VALUES
('MEETINGSTATE', '会议状态', '1', '2018051719002629609931008');
INSERT INTO aa10(AAA100, AAA102, AAA103, AAE030, AAE031, AAZ093, AAZ094, AAA104, AAA101, AAA105, aaa106, aaa107, aae011, aae036, yxbz, paixu) VALUES
('MEETINGSTATE', '10', '新增预约中', 199405, NULL, '2018051719002697869212923', '2018051719002629609931008', NULL, NULL, NULL, NULL, NULL, NULL, NULL, '1', 0);
INSERT INTO aa10(AAA100, AAA102, AAA103, AAE030, AAE031, AAZ093, AAZ094, AAA104, AAA101, AAA105, aaa106, aaa107, aae011, aae036, yxbz, paixu) VALUES
('MEETINGSTATE', '60', '已删除', 199405, NULL, '2018051719002718431032838', '2018051719002629609931008', NULL, NULL, NULL, NULL, NULL, NULL, NULL, '1', 0);
INSERT INTO aa10(AAA100, AAA102, AAA103, AAE030, AAE031, AAZ093, AAZ094, AAA104, AAA101, AAA105, aaa106, aaa107, aae011, aae036, yxbz, paixu) VALUES
('MEETINGSTATE', '40', '已结束', 199405, NULL, '2018051719002743319867219', '2018051719002629609931008', NULL, NULL, NULL, NULL, NULL, NULL, NULL, '1', 0);
INSERT INTO aa10(AAA100, AAA102, AAA103, AAE030, AAE031, AAZ093, AAZ094, AAA104, AAA101, AAA105, aaa106, aaa107, aae011, aae036, yxbz, paixu) VALUES
('MEETINGSTATE', '20', '签到中', 199405, NULL, '2018051719002751627466500', '2018051719002629609931008', NULL, NULL, NULL, NULL, NULL, NULL, NULL, '1', 0);
INSERT INTO aa10(AAA100, AAA102, AAA103, AAE030, AAE031, AAZ093, AAZ094, AAA104, AAA101, AAA105, aaa106, aaa107, aae011, aae036, yxbz, paixu) VALUES
('MEETINGSTATE', '50', '已取消', 199405, NULL, '2018051719002789678126284', '2018051719002629609931008', NULL, NULL, NULL, NULL, NULL, NULL, NULL, '1', 0);
INSERT INTO aa10(AAA100, AAA102, AAA103, AAE030, AAE031, AAZ093, AAZ094, AAA104, AAA101, AAA105, aaa106, aaa107, aae011, aae036, yxbz, paixu) VALUES
('MEETINGSTATE', '30', '进行中', 199405, NULL, '2018051719002789737376280', '2018051719002629609931008', NULL, NULL, NULL, NULL, NULL, NULL, NULL, '1', 0);


INSERT INTO aa09(AAA100, AAA101, AAA104, AAZ094) VALUES
('SCHEDULEREMINDTIME', '日程到期提前提醒时间', '1', '2018051809202466296535885');
INSERT INTO aa10(AAA100, AAA102, AAA103, AAE030, AAE031, AAZ093, AAZ094, AAA104, AAA101, AAA105, aaa106, aaa107, aae011, aae036, yxbz, paixu) VALUES
('SCHEDULEREMINDTIME', '0', '日程开始时', 199405, NULL, '2018051809202416042967341', '2018051809202466296535885', NULL, NULL, NULL, NULL, NULL, NULL, NULL, '1', 0);
INSERT INTO aa10(AAA100, AAA102, AAA103, AAE030, AAE031, AAZ093, AAZ094, AAA104, AAA101, AAA105, aaa106, aaa107, aae011, aae036, yxbz, paixu) VALUES
('SCHEDULEREMINDTIME', '30', '提前30分钟', 199405, NULL, '2018051809202448510615107', '2018051809202466296535885', NULL, NULL, NULL, NULL, NULL, NULL, NULL, '1', 0);
INSERT INTO aa10(AAA100, AAA102, AAA103, AAE030, AAE031, AAZ093, AAZ094, AAA104, AAA101, AAA105, aaa106, aaa107, aae011, aae036, yxbz, paixu) VALUES
('SCHEDULEREMINDTIME', '15', '提前15分钟', 199405, NULL, '2018051809202458497261682', '2018051809202466296535885', NULL, NULL, NULL, NULL, NULL, NULL, NULL, '1', 0);
INSERT INTO aa10(AAA100, AAA102, AAA103, AAE030, AAE031, AAZ093, AAZ094, AAA104, AAA101, AAA105, aaa106, aaa107, aae011, aae036, yxbz, paixu) VALUES
('SCHEDULEREMINDTIME', '60', '提前1小时', 199405, NULL, '2018051809202467061293560', '2018051809202466296535885', NULL, NULL, NULL, NULL, NULL, NULL, NULL, '1', 0);
INSERT INTO aa10(AAA100, AAA102, AAA103, AAE030, AAE031, AAZ093, AAZ094, AAA104, AAA101, AAA105, aaa106, aaa107, aae011, aae036, yxbz, paixu) VALUES
('SCHEDULEREMINDTIME', '5', '提前5分钟', 199405, NULL, '2018051809202481325232127', '2018051809202466296535885', NULL, NULL, NULL, NULL, NULL, NULL, NULL, '1', 0);
INSERT INTO aa10(AAA100, AAA102, AAA103, AAE030, AAE031, AAZ093, AAZ094, AAA104, AAA101, AAA105, aaa106, aaa107, aae011, aae036, yxbz, paixu) VALUES
('SCHEDULEREMINDTIME', '1440', '提前1天', 199405, NULL, '2018051809202489774625552', '2018051809202466296535885', NULL, NULL, NULL, NULL, NULL, NULL, NULL, '1', 0);


INSERT INTO aa09(AAA100, AAA101, AAA104, AAZ094) VALUES
('YPXXSCJGGJRQLB', '样品信息生产加工购进日期类别', '1', '2018051518013158554453922');
INSERT INTO aa10(AAA100, AAA102, AAA103, AAE030, AAE031, AAZ093, AAZ094, AAA104, AAA101, AAA105, aaa106, aaa107, aae011, aae036, yxbz) VALUES
('YPXXSCJGGJRQLB', '1', '生产', 199405, NULL, '2018051518013152907438811', '2018051518013158554453922', NULL, NULL, NULL, NULL, NULL, NULL, NULL, '1');
INSERT INTO aa10(AAA100, AAA102, AAA103, AAE030, AAE031, AAZ093, AAZ094, AAA104, AAA101, AAA105, aaa106, aaa107, aae011, aae036, yxbz) VALUES
('YPXXSCJGGJRQLB', '3', '购进', 199405, NULL, '2018051518013285646863454', '2018051518013158554453922', NULL, NULL, NULL, NULL, NULL, NULL, NULL, '1');
INSERT INTO aa10(AAA100, AAA102, AAA103, AAE030, AAE031, AAZ093, AAZ094, AAA104, AAA101, AAA105, aaa106, aaa107, aae011, aae036, yxbz) VALUES
('YPXXSCJGGJRQLB', '2', '加工', 199405, NULL, '2018051518013288873835363', '2018051518013158554453922', NULL, NULL, NULL, NULL, NULL, NULL, NULL, '1');


INSERT INTO aa09(AAA100, AAA101, AAA104, AAZ094) VALUES
('YPXXYPXT', '样品信息样品形态', '1', '2018051518432119356944243');
INSERT INTO aa10(AAA100, AAA102, AAA103, AAE030, AAE031, AAZ093, AAZ094, AAA104, AAA101, AAA105, aaa106, aaa107, aae011, aae036, yxbz) VALUES
('YPXXYPXT', '3', '液体', 199405, NULL, '2018051518432110997624140', '2018051518432119356944243', NULL, NULL, NULL, NULL, NULL, NULL, NULL, '1');
INSERT INTO aa10(AAA100, AAA102, AAA103, AAE030, AAE031, AAZ093, AAZ094, AAA104, AAA101, AAA105, aaa106, aaa107, aae011, aae036, yxbz) VALUES
('YPXXYPXT', '4', '气体', 199405, NULL, '2018051518432112810912553', '2018051518432119356944243', NULL, NULL, NULL, NULL, NULL, NULL, NULL, '1');
INSERT INTO aa10(AAA100, AAA102, AAA103, AAE030, AAE031, AAZ093, AAZ094, AAA104, AAA101, AAA105, aaa106, aaa107, aae011, aae036, yxbz) VALUES
('YPXXYPXT', '1', '固体', 199405, NULL, '2018051518432117793359437', '2018051518432119356944243', NULL, NULL, NULL, NULL, NULL, NULL, NULL, '1');
INSERT INTO aa10(AAA100, AAA102, AAA103, AAE030, AAE031, AAZ093, AAZ094, AAA104, AAA101, AAA105, aaa106, aaa107, aae011, aae036, yxbz) VALUES
('YPXXYPXT', '2', '半固体', 199405, NULL, '2018051518432130895967530', '2018051518432119356944243', NULL, NULL, NULL, NULL, NULL, NULL, NULL, '1');


INSERT INTO aa09(AAA100, AAA101, AAA104, AAZ094) VALUES
('YPXXBZFL', '样品信息包装分类', '1', '2018051518465055728361528');
INSERT INTO aa10(AAA100, AAA102, AAA103, AAE030, AAE031, AAZ093, AAZ094, AAA104, AAA101, AAA105, aaa106, aaa107, aae011, aae036, yxbz) VALUES
('YPXXBZFL', '1', '散装', 199405, NULL, '2018051518465020233634000', '2018051518465055728361528', NULL, NULL, NULL, NULL, NULL, NULL, NULL, '1');
INSERT INTO aa10(AAA100, AAA102, AAA103, AAE030, AAE031, AAZ093, AAZ094, AAA104, AAA101, AAA105, aaa106, aaa107, aae011, aae036, yxbz) VALUES
('YPXXBZFL', '2', '预包装', 199405, NULL, '2018051518465132916086663', '2018051518465055728361528', NULL, NULL, NULL, NULL, NULL, NULL, NULL, '1');


INSERT INTO aa09(AAA100, AAA101, AAA104, AAZ094) VALUES
('CYSYPDCC', '抽样时样品的存储', '1', '2018051518541730300502134');
INSERT INTO aa10(AAA100, AAA102, AAA103, AAE030, AAE031, AAZ093, AAZ094, AAA104, AAA101, AAA105, aaa106, aaa107, aae011, aae036, yxbz) VALUES
('CYSYPDCC', '4', '避光', 199405, NULL, '2018051518541714851939598', '2018051518541730300502134', NULL, NULL, NULL, NULL, NULL, NULL, NULL, '1');
INSERT INTO aa10(AAA100, AAA102, AAA103, AAE030, AAE031, AAZ093, AAZ094, AAA104, AAA101, AAA105, aaa106, aaa107, aae011, aae036, yxbz) VALUES
('CYSYPDCC', '2', '冷藏', 199405, NULL, '2018051518541730924022692', '2018051518541730300502134', NULL, NULL, NULL, NULL, NULL, NULL, NULL, '1');
INSERT INTO aa10(AAA100, AAA102, AAA103, AAE030, AAE031, AAZ093, AAZ094, AAA104, AAA101, AAA105, aaa106, aaa107, aae011, aae036, yxbz) VALUES
('CYSYPDCC', '6', '其他', 199405, NULL, '2018051518541738706758090', '2018051518541730300502134', NULL, NULL, NULL, NULL, NULL, NULL, NULL, '1');
INSERT INTO aa10(AAA100, AAA102, AAA103, AAE030, AAE031, AAZ093, AAZ094, AAA104, AAA101, AAA105, aaa106, aaa107, aae011, aae036, yxbz) VALUES
('CYSYPDCC', '3', '冷冻', 199405, NULL, '2018051518541761524800920', '2018051518541730300502134', NULL, NULL, NULL, NULL, NULL, NULL, NULL, '1');
INSERT INTO aa10(AAA100, AAA102, AAA103, AAE030, AAE031, AAZ093, AAZ094, AAA104, AAA101, AAA105, aaa106, aaa107, aae011, aae036, yxbz) VALUES
('CYSYPDCC', '1', '常温', 199405, NULL, '2018051518541764365105204', '2018051518541730300502134', NULL, NULL, NULL, NULL, NULL, NULL, NULL, '1');
INSERT INTO aa10(AAA100, AAA102, AAA103, AAE030, AAE031, AAZ093, AAZ094, AAA104, AAA101, AAA105, aaa106, aaa107, aae011, aae036, yxbz) VALUES
('CYSYPDCC', '5', '密闭', 199405, NULL, '2018051518541789685298306', '2018051518541730300502134', NULL, NULL, NULL, NULL, NULL, NULL, NULL, '1');


INSERT INTO aa09(AAA100, AAA101, AAA104, AAZ094) VALUES
('CYYPBZ', '抽样样品包装', '1', '2018051518591164306330927');
INSERT INTO aa10(AAA100, AAA102, AAA103, AAE030, AAE031, AAZ093, AAZ094, AAA104, AAA101, AAA105, aaa106, aaa107, aae011, aae036, yxbz) VALUES
('CYYPBZ', '2', '塑料瓶', 199405, NULL, '2018051518591118301221838', '2018051518591164306330927', NULL, NULL, NULL, NULL, NULL, NULL, NULL, '1');
INSERT INTO aa10(AAA100, AAA102, AAA103, AAE030, AAE031, AAZ093, AAZ094, AAA104, AAA101, AAA105, aaa106, aaa107, aae011, aae036, yxbz) VALUES
('CYYPBZ', '1', '玻璃瓶', 199405, NULL, '2018051518591142244042309', '2018051518591164306330927', NULL, NULL, NULL, NULL, NULL, NULL, NULL, '1');
INSERT INTO aa10(AAA100, AAA102, AAA103, AAE030, AAE031, AAZ093, AAZ094, AAA104, AAA101, AAA105, aaa106, aaa107, aae011, aae036, yxbz) VALUES
('CYYPBZ', '5', '其他', 199405, NULL, '2018051518591150509368302', '2018051518591164306330927', NULL, NULL, NULL, NULL, NULL, NULL, NULL, '1');
INSERT INTO aa10(AAA100, AAA102, AAA103, AAE030, AAE031, AAZ093, AAZ094, AAA104, AAA101, AAA105, aaa106, aaa107, aae011, aae036, yxbz) VALUES
('CYYPBZ', '3', '塑料袋', 199405, NULL, '2018051518591164773985338', '2018051518591164306330927', NULL, NULL, NULL, NULL, NULL, NULL, NULL, '1');
INSERT INTO aa10(AAA100, AAA102, AAA103, AAE030, AAE031, AAZ093, AAZ094, AAA104, AAA101, AAA105, aaa106, aaa107, aae011, aae036, yxbz) VALUES
('CYYPBZ', '4', '无菌袋', 199405, NULL, '2018051518591168966264248', '2018051518591164306330927', NULL, NULL, NULL, NULL, NULL, NULL, NULL, '1');


INSERT INTO aa09(AAA100, AAA101, AAA104, AAZ094) VALUES
('CYFS', '抽样方式', '1', '2018051519012738318605849');
INSERT INTO aa10(AAA100, AAA102, AAA103, AAE030, AAE031, AAZ093, AAZ094, AAA104, AAA101, AAA105, aaa106, aaa107, aae011, aae036, yxbz) VALUES
('CYFS', '1', '无菌抽样', 199405, NULL, '2018051519012735600242983', '2018051519012738318605849', NULL, NULL, NULL, NULL, NULL, NULL, NULL, '1');
INSERT INTO aa10(AAA100, AAA102, AAA103, AAE030, AAE031, AAZ093, AAZ094, AAA104, AAA101, AAA105, aaa106, aaa107, aae011, aae036, yxbz) VALUES
('CYFS', '2', '非无菌抽样', 199405, NULL, '2018051519012763045400439', '2018051519012738318605849', NULL, NULL, NULL, NULL, NULL, NULL, NULL, '1');


INSERT INTO aa09(AAA100, AAA101, AAA104, AAZ094) VALUES
('BCYDWYJ', '被抽样单位意见', '1', '2018051519080868645388417');
INSERT INTO aa10(AAA100, AAA102, AAA103, AAE030, AAE031, AAZ093, AAZ094, AAA104, AAA101, AAA105, aaa106, aaa107, aae011, aae036, yxbz) VALUES
('BCYDWYJ', '1', '无异议', 199405, NULL, '2018051519080829579713129', '2018051519080868645388417', NULL, NULL, NULL, NULL, NULL, NULL, NULL, '1');
INSERT INTO aa10(AAA100, AAA102, AAA103, AAE030, AAE031, AAZ093, AAZ094, AAA104, AAA101, AAA105, aaa106, aaa107, aae011, aae036, yxbz) VALUES
('BCYDWYJ', '2', '有异议', 199405, NULL, '2018051519080841962403470', '2018051519080868645388417', NULL, NULL, NULL, NULL, NULL, NULL, NULL, '1');

INSERT INTO aa09(AAA100, AAA101, AAA104, AAZ094) VALUES
('CYLHFJ', '餐饮量化分级', '1', '2018052217593846268396122');
INSERT INTO aa10(AAA100, AAA102, AAA103, AAE030, AAE031, AAZ093, AAZ094, AAA104, AAA101, AAA105, aaa106, aaa107, aae011, aae036, yxbz, paixu) VALUES
('CYLHFJ', '0', '整改中', 199405, NULL, '2018052217593836534913840', '2018052217593846268396122', NULL, NULL, NULL, NULL, NULL, NULL, NULL, '1', 0);
INSERT INTO aa10(AAA100, AAA102, AAA103, AAE030, AAE031, AAZ093, AAZ094, AAA104, AAA101, AAA105, aaa106, aaa107, aae011, aae036, yxbz, paixu) VALUES
('CYLHFJ', 'A', 'A优秀', 199405, NULL, '2018052217593879462271630', '2018052217593846268396122', NULL, NULL, NULL, NULL, NULL, NULL, NULL, '1', 0);
INSERT INTO aa10(AAA100, AAA102, AAA103, AAE030, AAE031, AAZ093, AAZ094, AAA104, AAA101, AAA105, aaa106, aaa107, aae011, aae036, yxbz, paixu) VALUES
('CYLHFJ', 'B', 'B良好', 199405, NULL, '2018052217593886350887069', '2018052217593846268396122', NULL, NULL, NULL, NULL, NULL, NULL, NULL, '1', 0);
INSERT INTO aa10(AAA100, AAA102, AAA103, AAE030, AAE031, AAZ093, AAZ094, AAA104, AAA101, AAA105, aaa106, aaa107, aae011, aae036, yxbz, paixu) VALUES
('CYLHFJ', 'C', 'C一般', 199405, NULL, '2018052217593893367623531', '2018052217593846268396122', NULL, NULL, NULL, NULL, NULL, NULL, NULL, '1', 0);


INSERT INTO aa09(aaa100,aaa101,aaa104,aaz094)VALUES('JYJCZBFENLEI','中标分类','1','2018050911114933393013508');
INSERT INTO aa10(aaz094,aaz093, aaa100, aaa101, aaa102, aaa103, aaa106, aaa104, aaa105, aaa107, aae011, aae036) VALUES
('2018050911114933393013508','2018050911114933393013509', 'JYJCZBFENLEI', '中标分类', '1', '中标分类列表', 'JYJCZBFENLEIlb', '0', '1', 1, 'sys', '2017-04-15 17:54:46');
INSERT INTO aa10(AAA100, AAA102, AAA103, AAE030, AAE031, AAZ093, AAZ094, AAA104, AAA101, AAA105, aaa106, aaa107, aae011, aae036, yxbz, paixu) VALUES('JYJCZBFENLEI', 'B', '农业、林业', NULL, NULL, '2018050911391698518126808', '2018050911114933393013508', '1', '中标分类', '1', '、', '2', 'zmgly', '2018-05-09 11:39:16', NULL, 0);
INSERT INTO aa10(AAA100, AAA102, AAA103, AAE030, AAE031, AAZ093, AAZ094, AAA104, AAA101, AAA105, aaa106, aaa107, aae011, aae036, yxbz, paixu) VALUES('JYJCZBFENLEI', 'B00/09', '农业、林业综合', NULL, NULL, '2018050911404487842782249', '', 'B', '中标分类', '1', '、', '3', 'zmgly', '2018-05-09 11:40:44', NULL, 0);
INSERT INTO aa10(AAA100, AAA102, AAA103, AAE030, AAE031, AAZ093, AAZ094, AAA104, AAA101, AAA105, aaa106, aaa107, aae011, aae036, yxbz, paixu) VALUES('JYJCZBFENLEI', 'B00', '标准化、质量管理', NULL, NULL, '2018050911420165681236891', '', 'B00/09', '中标分类', '1', '、', '4', 'zmgly', '2018-05-09 11:42:01', NULL, 0);
INSERT INTO aa10(AAA100, AAA102, AAA103, AAE030, AAE031, AAZ093, AAZ094, AAA104, AAA101, AAA105, aaa106, aaa107, aae011, aae036, yxbz, paixu) VALUES('JYJCZBFENLEI', 'B01', '技术管理', NULL, NULL, '2018050911422856533466778', '2018050911114933393013508', 'B00/09', '中标分类', '1', 'JSGL', '4', 'zmgly', '2018-05-09 11:42:28', NULL, 0);
INSERT INTO aa10(AAA100, AAA102, AAA103, AAE030, AAE031, AAZ093, AAZ094, AAA104, AAA101, AAA105, aaa106, aaa107, aae011, aae036, yxbz, paixu) VALUES('JYJCZBFENLEI', 'B02', '经济管理', NULL, NULL, '2018050911424998174745319', '2018050911114933393013508', 'B00/09', '中标分类', '1', 'JJGL', '4', 'zmgly', '2018-05-09 11:42:49', NULL, 0);
INSERT INTO aa10(AAA100, AAA102, AAA103, AAE030, AAE031, AAZ093, AAZ094, AAA104, AAA101, AAA105, aaa106, aaa107, aae011, aae036, yxbz, paixu) VALUES('JYJCZBFENLEI', 'B04', '基础标准与通用方法', NULL, NULL, '2018050911431573119780175', '2018050911114933393013508', 'B00/09', '中标分类', '1', 'JCBZYTYFF', '4', 'zmgly', '2018-05-09 11:43:15', NULL, 0);
INSERT INTO aa10(AAA100, AAA102, AAA103, AAE030, AAE031, AAZ093, AAZ094, AAA104, AAA101, AAA105, aaa106, aaa107, aae011, aae036, yxbz, paixu) VALUES('JYJCZBFENLEI', 'B05', '农林技术', NULL, NULL, '2018050911433548074397550', '2018050911114933393013508', 'B00/09', '中标分类', '1', 'NLJS', '4', 'zmgly', '2018-05-09 11:43:35', NULL, 0);
INSERT INTO aa10(AAA100, AAA102, AAA103, AAE030, AAE031, AAZ093, AAZ094, AAA104, AAA101, AAA105, aaa106, aaa107, aae011, aae036, yxbz, paixu) VALUES('JYJCZBFENLEI', 'B07', '电子计算机应用', NULL, NULL, '2018050911435290143517141', '2018050911114933393013508', 'B00/09', '中标分类', '1', 'DZJSJYY', '4', 'zmgly', '2018-05-09 11:43:52', NULL, 0);
INSERT INTO aa10(AAA100, AAA102, AAA103, AAE030, AAE031, AAZ093, AAZ094, AAA104, AAA101, AAA105, aaa106, aaa107, aae011, aae036, yxbz, paixu) VALUES('JYJCZBFENLEI', 'B08', '标志、包装、运输、贮存', NULL, NULL, '2018050911440741370938194', '2018050911114933393013508', 'B00/09', '中标分类', '1', '、', '4', 'zmgly', '2018-05-09 11:44:07', NULL, 0);
INSERT INTO aa10(AAA100, AAA102, AAA103, AAE030, AAE031, AAZ093, AAZ094, AAA104, AAA101, AAA105, aaa106, aaa107, aae011, aae036, yxbz, paixu) VALUES('JYJCZBFENLEI', 'B09', '卫生、安全、劳动保护', NULL, NULL, '2018050911442480671530660', '2018050911114933393013508', 'B00/09', '中标分类', '1', '、', '4', 'zmgly', '2018-05-09 11:44:24', NULL, 0);
INSERT INTO aa10(AAA100, AAA102, AAA103, AAE030, AAE031, AAZ093, AAZ094, AAA104, AAA101, AAA105, aaa106, aaa107, aae011, aae036, yxbz, paixu) VALUES('JYJCZBFENLEI', 'B10/14', '土壤与肥料', NULL, NULL, '2018050911450821699840071', '2018050911114933393013508', 'B', '中标分类', '1', 'TRYFL', '3', 'zmgly', '2018-05-09 11:45:08', NULL, 0);
INSERT INTO aa10(AAA100, AAA102, AAA103, AAE030, AAE031, AAZ093, AAZ094, AAA104, AAA101, AAA105, aaa106, aaa107, aae011, aae036, yxbz, paixu) VALUES('JYJCZBFENLEI', 'B10', '土壤、肥料综合', NULL, NULL, '2018050911453724257258719', '2018050911114933393013508', 'B10/14', '中标分类', '1', '、', '4', 'zmgly', '2018-05-09 11:45:37', NULL, 0);
INSERT INTO aa10(AAA100, AAA102, AAA103, AAE030, AAE031, AAZ093, AAZ094, AAA104, AAA101, AAA105, aaa106, aaa107, aae011, aae036, yxbz, paixu) VALUES('JYJCZBFENLEI', 'B11', '土壤、水土保持', NULL, NULL, '2018050911455664487840085', '2018050911114933393013508', 'B10/14', '中标分类', '1', '、', '4', 'zmgly', '2018-05-09 11:45:56', NULL, 0);
INSERT INTO aa10(AAA100, AAA102, AAA103, AAE030, AAE031, AAZ093, AAZ094, AAA104, AAA101, AAA105, aaa106, aaa107, aae011, aae036, yxbz, paixu) VALUES('JYJCZBFENLEI', 'B13', '肥料与土壤调理剂', NULL, NULL, '2018050911461439229289238', '2018050911114933393013508', 'B10/14', '中标分类', '1', 'FLYTRTLJ', '4', 'zmgly', '2018-05-09 11:46:14', NULL, 0);


INSERT INTO aa09(aaa100,aaa101,aaa104,aaz094)VALUES('JYJCICSFENLEI','ICS分类','1','2018050911534712511374533');
INSERT INTO aa10(aaz094,aaz093, aaa100, aaa101, aaa102, aaa103, aaa106, aaa104, aaa105, aaa107, aae011, aae036) VALUES
('2018050911534712511374533','2018050911534712511374534', 'JYJCICSFENLEI', 'ICS分类', '1', 'ICS分类列表', 'JYJCICSFENLEIlb', '0', '1', 1, 'sys', '2017-04-15 17:54:46');
INSERT INTO aa10(AAA100, AAA102, AAA103, AAE030, AAE031, AAZ093, AAZ094, AAA104, AAA101, AAA105, aaa106, aaa107, aae011, aae036, yxbz, paixu) VALUES('JYJCICSFENLEI', '67', '食品技术', NULL, NULL, '2018050911575394071755644', '', '1', 'ICS分类', '1', 'SPJS', '2', 'zmgly', '2018-05-09 11:57:53', NULL, 0);
INSERT INTO aa10(AAA100, AAA102, AAA103, AAE030, AAE031, AAZ093, AAZ094, AAA104, AAA101, AAA105, aaa106, aaa107, aae011, aae036, yxbz, paixu) VALUES('JYJCICSFENLEI', '67.020', '食品工艺', NULL, NULL, '2018050911582399257789020', '', '67', 'ICS分类', '1', 'SPGY', '3', 'zmgly', '2018-05-09 11:58:23', NULL, NULL);
INSERT INTO aa10(AAA100, AAA102, AAA103, AAE030, AAE031, AAZ093, AAZ094, AAA104, AAA101, AAA105, aaa106, aaa107, aae011, aae036, yxbz, paixu) VALUES('JYJCICSFENLEI', '67.040', '食品综合', NULL, NULL, '2018050911584498488246317', '', '67', 'ICS分类', '1', 'SPZH', '3', 'zmgly', '2018-05-09 11:58:44', NULL, 0);
INSERT INTO aa10(AAA100, AAA102, AAA103, AAE030, AAE031, AAZ093, AAZ094, AAA104, AAA101, AAA105, aaa106, aaa107, aae011, aae036, yxbz, paixu) VALUES('JYJCICSFENLEI', '67.050', '食品试验和分析的一般方法', NULL, NULL, '2018050911590293015861290', '', '67', 'ICS分类', '1', 'SPSYHFXDYBFF', '3', 'zmgly', '2018-05-09 11:59:02', NULL, 0);
INSERT INTO aa10(AAA100, AAA102, AAA103, AAE030, AAE031, AAZ093, AAZ094, AAA104, AAA101, AAA105, aaa106, aaa107, aae011, aae036, yxbz, paixu) VALUES('JYJCICSFENLEI', '67.060', '谷物、豆类及其制品', NULL, NULL, '2018050911593514175306463', '', '67', 'ICS分类', '1', '、', '3', 'zmgly', '2018-05-09 11:59:35', NULL, 0);
INSERT INTO aa10(AAA100, AAA102, AAA103, AAE030, AAE031, AAZ093, AAZ094, AAA104, AAA101, AAA105, aaa106, aaa107, aae011, aae036, yxbz, paixu) VALUES('JYJCICSFENLEI', '67.080', '水果、蔬菜及其制品', NULL, NULL, '2018050911595022370072488', '', '67', 'ICS分类', '1', '、', '3', 'zmgly', '2018-05-09 11:59:50', NULL, 0);
INSERT INTO aa10(AAA100, AAA102, AAA103, AAE030, AAE031, AAZ093, AAZ094, AAA104, AAA101, AAA105, aaa106, aaa107, aae011, aae036, yxbz, paixu) VALUES('JYJCICSFENLEI', '67.100', '奶和奶制品', NULL, NULL, '2018050912000739881167908', '', '67', 'ICS分类', '1', 'NHNZP', '3', 'zmgly', '2018-05-09 12:00:07', NULL, 0);
INSERT INTO aa10(AAA100, AAA102, AAA103, AAE030, AAE031, AAZ093, AAZ094, AAA104, AAA101, AAA105, aaa106, aaa107, aae011, aae036, yxbz, paixu) VALUES('JYJCICSFENLEI', '67.120', '肉、肉制品和其他动物类食品', NULL, NULL, '2018050912004111793752537', '', '67', 'ICS分类', '1', '、', '3', 'zmgly', '2018-05-09 12:00:41', NULL, 0);
INSERT INTO aa10(AAA100, AAA102, AAA103, AAE030, AAE031, AAZ093, AAZ094, AAA104, AAA101, AAA105, aaa106, aaa107, aae011, aae036, yxbz, paixu) VALUES('JYJCICSFENLEI', '67.140', '茶、咖啡、可可', NULL, NULL, '2018050912010161022886067', '', '67', 'ICS分类', '1', '、', '3', 'zmgly', '2018-05-09 12:01:01', NULL, 0);
INSERT INTO aa10(AAA100, AAA102, AAA103, AAE030, AAE031, AAZ093, AAZ094, AAA104, AAA101, AAA105, aaa106, aaa107, aae011, aae036, yxbz, paixu) VALUES('JYJCICSFENLEI', '67.160', '饮料', NULL, NULL, '2018050912012151249953585', '', '67', 'ICS分类', '1', 'YL', '3', 'zmgly', '2018-05-09 12:01:21', NULL, 0);
INSERT INTO aa10(AAA100, AAA102, AAA103, AAE030, AAE031, AAZ093, AAZ094, AAA104, AAA101, AAA105, aaa106, aaa107, aae011, aae036, yxbz, paixu) VALUES('JYJCICSFENLEI', '67.180', '糖、糖制品、淀粉', NULL, NULL, '2018050912013915151376886', '', '67', 'ICS分类', '1', '、', '3', 'zmgly', '2018-05-09 12:01:39', NULL, 0);
INSERT INTO aa10(AAA100, AAA102, AAA103, AAE030, AAE031, AAZ093, AAZ094, AAA104, AAA101, AAA105, aaa106, aaa107, aae011, aae036, yxbz, paixu) VALUES('JYJCICSFENLEI', '67.190', '巧克力', NULL, NULL, '2018050912110608191354486', '2018050911534712511374533', '67', 'ICS分类', '1', 'QKL', '3', 'zmgly', '2018-05-09 12:11:06', NULL, 0);
INSERT INTO aa10(AAA100, AAA102, AAA103, AAE030, AAE031, AAZ093, AAZ094, AAA104, AAA101, AAA105, aaa106, aaa107, aae011, aae036, yxbz, paixu) VALUES('JYJCICSFENLEI', '67.200', '食用油和脂肪、含油种子', NULL, NULL, '2018050912112679954933563', '2018050911534712511374533', '67', 'ICS分类', '1', '、', '3', 'zmgly', '2018-05-09 12:11:26', NULL, 0);
INSERT INTO aa10(AAA100, AAA102, AAA103, AAE030, AAE031, AAZ093, AAZ094, AAA104, AAA101, AAA105, aaa106, aaa107, aae011, aae036, yxbz, paixu) VALUES('JYJCICSFENLEI', '67.220', '香料和调料、食品添加剂', NULL, NULL, '2018050912114658767348542', '2018050911534712511374533', '67', 'ICS分类', '1', '、', '3', 'zmgly', '2018-05-09 12:11:46', NULL, 0);
INSERT INTO aa10(AAA100, AAA102, AAA103, AAE030, AAE031, AAZ093, AAZ094, AAA104, AAA101, AAA105, aaa106, aaa107, aae011, aae036, yxbz, paixu) VALUES('JYJCICSFENLEI', '67.230', '预包装食品和精制食品', NULL, NULL, '2018050912120938584172448', '2018050911534712511374533', '67', 'ICS分类', '1', 'YBZSPHJZSP', '3', 'zmgly', '2018-05-09 12:12:09', NULL, 0);
INSERT INTO aa10(AAA100, AAA102, AAA103, AAE030, AAE031, AAZ093, AAZ094, AAA104, AAA101, AAA105, aaa106, aaa107, aae011, aae036, yxbz, paixu) VALUES('JYJCICSFENLEI', '67.240', '感观分析', NULL, NULL, '2018050912122923774888555', '2018050911534712511374533', '67', 'ICS分类', '1', 'GGFX', '3', 'zmgly', '2018-05-09 12:12:29', NULL, 0);
INSERT INTO aa10(AAA100, AAA102, AAA103, AAE030, AAE031, AAZ093, AAZ094, AAA104, AAA101, AAA105, aaa106, aaa107, aae011, aae036, yxbz, paixu) VALUES('JYJCICSFENLEI', '67.250', '与食品接触的物', NULL, NULL, '2018050912124673565096926', '2018050911534712511374533', '67', 'ICS分类', '1', 'YSPJCDW', '3', 'zmgly', '2018-05-09 12:12:46', NULL, 0);
INSERT INTO aa10(AAA100, AAA102, AAA103, AAE030, AAE031, AAZ093, AAZ094, AAA104, AAA101, AAA105, aaa106, aaa107, aae011, aae036, yxbz, paixu) VALUES('JYJCICSFENLEI', '67.260', '食品工业厂房和', NULL, NULL, '2018050912130944768557028', '2018050911534712511374533', '67', 'ICS分类', '1', 'SPGYCFH', '3', 'zmgly', '2018-05-09 12:13:09', NULL, 0);
INSERT INTO aa10(AAA100, AAA102, AAA103, AAE030, AAE031, AAZ093, AAZ094, AAA104, AAA101, AAA105, aaa106, aaa107, aae011, aae036, yxbz, paixu) VALUES('JYJCICSFENLEI', '67.080.01', '水果、蔬菜及其制品综合', NULL, NULL, '2018050912150068283695487', '2018050911534712511374533', '67.080', 'ICS分类', '1', '、', '4', 'zmgly', '2018-05-09 12:15:00', NULL, 0);
INSERT INTO aa10(AAA100, AAA102, AAA103, AAE030, AAE031, AAZ093, AAZ094, AAA104, AAA101, AAA105, aaa106, aaa107, aae011, aae036, yxbz, paixu) VALUES('JYJCICSFENLEI', '67.080.10', '水果及其制品', NULL, NULL, '2018050912153004353093455', '2018050911534712511374533', '67.080', 'ICS分类', '1', 'SGJQZP', '4', 'zmgly', '2018-05-09 12:15:30', NULL, 0);
INSERT INTO aa10(AAA100, AAA102, AAA103, AAE030, AAE031, AAZ093, AAZ094, AAA104, AAA101, AAA105, aaa106, aaa107, aae011, aae036, yxbz, paixu) VALUES('JYJCICSFENLEI', '67.080.20', '蔬菜及其制品', NULL, NULL, '2018050912154963555071029', '2018050911534712511374533', '67.080', 'ICS分类', '1', 'SCJQZP', '4', 'zmgly', '2018-05-09 12:15:49', NULL, 0);
INSERT INTO aa10(AAA100, AAA102, AAA103, AAE030, AAE031, AAZ093, AAZ094, AAA104, AAA101, AAA105, aaa106, aaa107, aae011, aae036, yxbz, paixu) VALUES('JYJCICSFENLEI', '67.100.01', '奶和奶制品综合', NULL, NULL, '2018050912180771283834033', '2018050911534712511374533', '67.100', 'ICS分类', '1', 'NHNZPZH', '4', 'zmgly', '2018-05-09 12:18:07', NULL, 0);
INSERT INTO aa10(AAA100, AAA102, AAA103, AAE030, AAE031, AAZ093, AAZ094, AAA104, AAA101, AAA105, aaa106, aaa107, aae011, aae036, yxbz, paixu) VALUES('JYJCICSFENLEI', '67.100.10', '奶及加工奶产品', NULL, NULL, '2018050912183189831832315', '2018050911534712511374533', '67.100', 'ICS分类', '1', 'NJJGNCP', '4', 'zmgly', '2018-05-09 12:18:31', NULL, 0);
INSERT INTO aa10(AAA100, AAA102, AAA103, AAE030, AAE031, AAZ093, AAZ094, AAA104, AAA101, AAA105, aaa106, aaa107, aae011, aae036, yxbz, paixu) VALUES('JYJCICSFENLEI', '67.100.20', '奶油', NULL, NULL, '2018050912193235460376504', '2018050911534712511374533', '67.100', 'ICS分类', '1', 'NY', '4', 'zmgly', '2018-05-09 12:19:32', NULL, 0);
INSERT INTO aa10(AAA100, AAA102, AAA103, AAE030, AAE031, AAZ093, AAZ094, AAA104, AAA101, AAA105, aaa106, aaa107, aae011, aae036, yxbz, paixu) VALUES('JYJCICSFENLEI', '67.100.30', '乳酪', NULL, NULL, '2018050912195342669047574', '2018050911534712511374533', '67.100', 'ICS分类', '1', 'RL', '4', 'zmgly', '2018-05-09 12:19:53', NULL, 0);
INSERT INTO aa10(AAA100, AAA102, AAA103, AAE030, AAE031, AAZ093, AAZ094, AAA104, AAA101, AAA105, aaa106, aaa107, aae011, aae036, yxbz, paixu) VALUES('JYJCICSFENLEI', '67.100.40', '冰淇淋和果冻', NULL, NULL, '2018050912201372132584960', '2018050911534712511374533', '67.100', 'ICS分类', '1', 'BQLHGD', '4', 'zmgly', '2018-05-09 12:20:13', NULL, 0);
INSERT INTO aa10(AAA100, AAA102, AAA103, AAE030, AAE031, AAZ093, AAZ094, AAA104, AAA101, AAA105, aaa106, aaa107, aae011, aae036, yxbz, paixu) VALUES('JYJCICSFENLEI', '67.100.99', '其他奶制品', NULL, NULL, '2018050912203162966100874', '2018050911534712511374533', '67.100', 'ICS分类', '1', 'QTNZP', '4', 'zmgly', '2018-05-09 12:20:31', NULL, 0);
INSERT INTO aa10(AAA100, AAA102, AAA103, AAE030, AAE031, AAZ093, AAZ094, AAA104, AAA101, AAA105, aaa106, aaa107, aae011, aae036, yxbz, paixu) VALUES('JYJCICSFENLEI', '67.120.01', '动物制品综合', NULL, NULL, '2018050912205561625063331', '2018050911534712511374533', '67.120', 'ICS分类', '1', 'DWZPZH', '4', 'zmgly', '2018-05-09 12:20:55', NULL, 0);
INSERT INTO aa10(AAA100, AAA102, AAA103, AAE030, AAE031, AAZ093, AAZ094, AAA104, AAA101, AAA105, aaa106, aaa107, aae011, aae036, yxbz, paixu) VALUES('JYJCICSFENLEI', '67.120.10', '肉和肉制品', NULL, NULL, '2018050912212297142848839', '2018050911534712511374533', '67.120', 'ICS分类', '1', 'RHRZP', '4', 'zmgly', '2018-05-09 12:21:22', NULL, 0);
INSERT INTO aa10(AAA100, AAA102, AAA103, AAE030, AAE031, AAZ093, AAZ094, AAA104, AAA101, AAA105, aaa106, aaa107, aae011, aae036, yxbz, paixu) VALUES('JYJCICSFENLEI', '67.120.20', '家禽和蛋', NULL, NULL, '2018050912214842458293443', '2018050911534712511374533', '67.120', 'ICS分类', '1', 'JQHD', '4', 'zmgly', '2018-05-09 12:21:48', NULL, 0);
INSERT INTO aa10(AAA100, AAA102, AAA103, AAE030, AAE031, AAZ093, AAZ094, AAA104, AAA101, AAA105, aaa106, aaa107, aae011, aae036, yxbz, paixu) VALUES('JYJCICSFENLEI', '67.120.30', '鱼和水产品', NULL, NULL, '2018050912220712279387530', '2018050911534712511374533', '67.120', 'ICS分类', '1', 'YHSCP', '4', 'zmgly', '2018-05-09 12:22:07', NULL, 0);
INSERT INTO aa10(AAA100, AAA102, AAA103, AAE030, AAE031, AAZ093, AAZ094, AAA104, AAA101, AAA105, aaa106, aaa107, aae011, aae036, yxbz, paixu) VALUES('JYJCICSFENLEI', '67.120.99', '其他动物制品', NULL, NULL, '2018050912222527672654572', '2018050911534712511374533', '67.120', 'ICS分类', '1', 'QTDWZP', '4', 'zmgly', '2018-05-09 12:22:25', NULL, 0);
INSERT INTO aa10(AAA100, AAA102, AAA103, AAE030, AAE031, AAZ093, AAZ094, AAA104, AAA101, AAA105, aaa106, aaa107, aae011, aae036, yxbz, paixu) VALUES('JYJCICSFENLEI', '67.140.10', '茶', NULL, NULL, '2018050912225099482535174', '2018050911534712511374533', '67.140', 'ICS分类', '1', 'C', '4', 'zmgly', '2018-05-09 12:22:50', NULL, 0);
INSERT INTO aa10(AAA100, AAA102, AAA103, AAE030, AAE031, AAZ093, AAZ094, AAA104, AAA101, AAA105, aaa106, aaa107, aae011, aae036, yxbz, paixu) VALUES('JYJCICSFENLEI', '67.140.20', '咖啡和咖啡代用品', NULL, NULL, '2018050912230934797959156', '2018050911534712511374533', '67.140', 'ICS分类', '1', 'KFHKFDYP', '4', 'zmgly', '2018-05-09 12:23:09', NULL, 0);
INSERT INTO aa10(AAA100, AAA102, AAA103, AAE030, AAE031, AAZ093, AAZ094, AAA104, AAA101, AAA105, aaa106, aaa107, aae011, aae036, yxbz, paixu) VALUES('JYJCICSFENLEI', '67.140.30', '可可', NULL, NULL, '2018050912232863686756743', '2018050911534712511374533', '67.140', 'ICS分类', '1', 'KK', '4', 'zmgly', '2018-05-09 12:23:28', NULL, 0);
INSERT INTO aa10(AAA100, AAA102, AAA103, AAE030, AAE031, AAZ093, AAZ094, AAA104, AAA101, AAA105, aaa106, aaa107, aae011, aae036, yxbz, paixu) VALUES('JYJCICSFENLEI', '67.160.01', '饮料综合', NULL, NULL, '2018050912240235344746115', '2018050911534712511374533', '67.160', 'ICS分类', '1', 'YLZH', '4', 'zmgly', '2018-05-09 12:24:02', NULL, 0);
INSERT INTO aa10(AAA100, AAA102, AAA103, AAE030, AAE031, AAZ093, AAZ094, AAA104, AAA101, AAA105, aaa106, aaa107, aae011, aae036, yxbz, paixu) VALUES('JYJCICSFENLEI', '67.160.10', '酒精饮料', NULL, NULL, '2018050912242160071132886', '2018050911534712511374533', '67.160', 'ICS分类', '1', 'JJYL', '4', 'zmgly', '2018-05-09 12:24:21', NULL, 0);
INSERT INTO aa10(AAA100, AAA102, AAA103, AAE030, AAE031, AAZ093, AAZ094, AAA104, AAA101, AAA105, aaa106, aaa107, aae011, aae036, yxbz, paixu) VALUES('JYJCICSFENLEI', '67.160.20', '无酒精饮料', NULL, NULL, '2018050912244333722192014', '2018050911534712511374533', '67.160', 'ICS分类', '1', 'WJJYL', '4', 'zmgly', '2018-05-09 12:24:43', NULL, 0);
INSERT INTO aa10(AAA100, AAA102, AAA103, AAE030, AAE031, AAZ093, AAZ094, AAA104, AAA101, AAA105, aaa106, aaa107, aae011, aae036, yxbz, paixu) VALUES('JYJCICSFENLEI', '67.180.10', '糖和糖制品', NULL, NULL, '2018050912250588897552919', '2018050911534712511374533', '67.180', 'ICS分类', '1', 'THTZP', '4', 'zmgly', '2018-05-09 12:25:05', NULL, 0);
INSERT INTO aa10(AAA100, AAA102, AAA103, AAE030, AAE031, AAZ093, AAZ094, AAA104, AAA101, AAA105, aaa106, aaa107, aae011, aae036, yxbz, paixu) VALUES('JYJCICSFENLEI', '67.180.20', '淀粉及衍生制品', NULL, NULL, '2018050912252519612668376', '2018050911534712511374533', '67.180', 'ICS分类', '1', 'DFJYSZP', '4', 'zmgly', '2018-05-09 12:25:25', NULL, 0);
INSERT INTO aa10(AAA100, AAA102, AAA103, AAE030, AAE031, AAZ093, AAZ094, AAA104, AAA101, AAA105, aaa106, aaa107, aae011, aae036, yxbz, paixu) VALUES('JYJCICSFENLEI', '67.200.10', '动物和植物的脂肪和油', NULL, NULL, '2018050912254815417566292', '2018050911534712511374533', '67.200', 'ICS分类', '1', 'DWHZWDZFHY', '4', 'zmgly', '2018-05-09 12:25:48', NULL, 0);
INSERT INTO aa10(AAA100, AAA102, AAA103, AAE030, AAE031, AAZ093, AAZ094, AAA104, AAA101, AAA105, aaa106, aaa107, aae011, aae036, yxbz, paixu) VALUES('JYJCICSFENLEI', '67.200.20', '含油种子', NULL, NULL, '2018050912261263032886840', '2018050911534712511374533', '67.200', 'ICS分类', '1', 'HYZZ', '4', 'zmgly', '2018-05-09 12:26:12', NULL, 0);
INSERT INTO aa10(AAA100, AAA102, AAA103, AAE030, AAE031, AAZ093, AAZ094, AAA104, AAA101, AAA105, aaa106, aaa107, aae011, aae036, yxbz, paixu) VALUES('JYJCICSFENLEI', '67.220.10', '香料和调料', NULL, NULL, '2018050912263687723396698', '2018050911534712511374533', '67.220', 'ICS分类', '1', 'XLHTL', '4', 'zmgly', '2018-05-09 12:26:36', NULL, 0);
INSERT INTO aa10(AAA100, AAA102, AAA103, AAE030, AAE031, AAZ093, AAZ094, AAA104, AAA101, AAA105, aaa106, aaa107, aae011, aae036, yxbz, paixu) VALUES('JYJCICSFENLEI', '67.220.20', '食品添加剂', NULL, NULL, '2018050912265799766691382', '2018050911534712511374533', '67.220', 'ICS分类', '1', 'SPTJJ', '4', 'zmgly', '2018-05-09 12:26:57', NULL, 0);




INSERT INTO aa10(AAA100, AAA102, AAA103, AAE030, AAE031, AAZ093, AAZ094, AAA104, AAA101, AAA105, aaa106, aaa107, aae011, aae036, yxbz) VALUES
('JYJCBZFENLEI', '1', '通用标准', 199405, NULL, '2018050910182759735554419', '2018050910182711232066537', NULL, NULL, NULL, NULL, NULL, NULL, NULL, '1');
INSERT INTO aa10(AAA100, AAA102, AAA103, AAE030, AAE031, AAZ093, AAZ094, AAA104, AAA101, AAA105, aaa106, aaa107, aae011, aae036, yxbz) VALUES
('JYJCBZFENLEI', '8', '水果、蔬菜', 199405, NULL, '2018050910182817514039770', '2018050910182711232066537', NULL, NULL, NULL, NULL, NULL, NULL, NULL, '1');
INSERT INTO aa10(AAA100, AAA102, AAA103, AAE030, AAE031, AAZ093, AAZ094, AAA104, AAA101, AAA105, aaa106, aaa107, aae011, aae036, yxbz) VALUES
('JYJCBZFENLEI', '5', '粮谷', 199405, NULL, '2018050910182830703172302', '2018050910182711232066537', NULL, NULL, NULL, NULL, NULL, NULL, NULL, '1');
INSERT INTO aa10(AAA100, AAA102, AAA103, AAE030, AAE031, AAZ093, AAZ094, AAA104, AAA101, AAA105, aaa106, aaa107, aae011, aae036, yxbz) VALUES
('JYJCBZFENLEI', '4', '水产品', 199405, NULL, '2018050910182833561364406', '2018050910182711232066537', NULL, NULL, NULL, NULL, NULL, NULL, NULL, '1');
INSERT INTO aa10(AAA100, AAA102, AAA103, AAE030, AAE031, AAZ093, AAZ094, AAA104, AAA101, AAA105, aaa106, aaa107, aae011, aae036, yxbz) VALUES
('JYJCBZFENLEI', '3', '蛋与蛋制品', 199405, NULL, '2018050910182845701217600', '2018050910182711232066537', NULL, NULL, NULL, NULL, NULL, NULL, NULL, '1');
INSERT INTO aa10(AAA100, AAA102, AAA103, AAE030, AAE031, AAZ093, AAZ094, AAA104, AAA101, AAA105, aaa106, aaa107, aae011, aae036, yxbz) VALUES
('JYJCBZFENLEI', '6', '油料、豆类及制品', 199405, NULL, '2018050910182852831771367', '2018050910182711232066537', NULL, NULL, NULL, NULL, NULL, NULL, NULL, '1');
INSERT INTO aa10(AAA100, AAA102, AAA103, AAE030, AAE031, AAZ093, AAZ094, AAA104, AAA101, AAA105, aaa106, aaa107, aae011, aae036, yxbz) VALUES
('JYJCBZFENLEI', '2', '肉与肉制品', 199405, NULL, '2018050910182864981575557', '2018050910182711232066537', NULL, NULL, NULL, NULL, NULL, NULL, NULL, '1');
INSERT INTO aa10(AAA100, AAA102, AAA103, AAE030, AAE031, AAZ093, AAZ094, AAA104, AAA101, AAA105, aaa106, aaa107, aae011, aae036, yxbz) VALUES
('JYJCBZFENLEI', '7', '面粉、淀粉及制品', 199405, NULL, '2018050910182872049343001', '2018050910182711232066537', NULL, NULL, NULL, NULL, NULL, NULL, NULL, '1');
INSERT INTO aa10(AAA100, AAA102, AAA103, AAE030, AAE031, AAZ093, AAZ094, AAA104, AAA101, AAA105, aaa106, aaa107, aae011, aae036, yxbz) VALUES
('JYJCBZFENLEI', '9', '乳与乳制品', 199405, NULL, '2018050910182892608993959', '2018050910182711232066537', NULL, NULL, NULL, NULL, NULL, NULL, NULL, '1');


-- 添加附件类型，电子签名用
INSERT INTO aa10(AAA100, AAA102, AAA103, AAE030, AAE031, AAZ093, AAZ094, AAA104, AAA101, AAA105, aaa106, aaa107, aae011, aae036, yxbz) VALUES
('FJTYPE', 'RCJCQZPIC01', '日常检查执法人员签字', 199405, NULL, '2018011111033612914372620', '1456', NULL, NULL, '1', NULL, NULL, NULL, NULL, '1');
INSERT INTO aa10(AAA100, AAA102, AAA103, AAE030, AAE031, AAZ093, AAZ094, AAA104, AAA101, AAA105, aaa106, aaa107, aae011, aae036, yxbz) VALUES
('FJTYPE', 'RCJCQZPIC02', '日常检查被检查单位签字', 199405, NULL, '2018011111033612914372621', '1456', NULL, NULL, '1', NULL, NULL, NULL, NULL, '1');
INSERT INTO aa10(AAA100, AAA102, AAA103, AAE030, AAE031, AAZ093, AAZ094, AAA104, AAA101, AAA105, aaa106, aaa107, aae011, aae036, yxbz, paixu) VALUES('ITEMTYPE', '3', '周边', NULL, NULL, '2017122512040716631649915', '1454', NULL, NULL, NULL, NULL, NULL, NULL, NULL, '1', 0);


-- 量化分级年度评定等级
delete from aa10 where aaa100='LHFJNDPDDJ';
INSERT INTO aa10(AAA100, AAA102, AAA103, AAE030, AAE031, AAZ093, AAZ094, AAA104, AAA101, AAA105, aaa106, aaa107, aae011, aae036, yxbz) VALUES
('LHFJNDPDDJ', '9', '未知', 199405, NULL, '2017031514513316928006724', '2017031514513375161136011', NULL, NULL, NULL, NULL, NULL, NULL, NULL, '1');
INSERT INTO aa10(AAA100, AAA102, AAA103, AAE030, AAE031, AAZ093, AAZ094, AAA104, AAA101, AAA105, aaa106, aaa107, aae011, aae036, yxbz) VALUES
('LHFJNDPDDJ', '0', '整改中', 199405, NULL, '2017031514513322240126991', '2017031514513375161136011', NULL, NULL, NULL, NULL, NULL, NULL, NULL, '1');
INSERT INTO aa10(AAA100, AAA102, AAA103, AAE030, AAE031, AAZ093, AAZ094, AAA104, AAA101, AAA105, aaa106, aaa107, aae011, aae036, yxbz) VALUES
('LHFJNDPDDJ', 'A', 'A优秀', 199405, NULL, '2017031514513382977631765', '2017031514513375161136011', NULL, NULL, NULL, NULL, NULL, NULL, NULL, '1');
INSERT INTO aa10(AAA100, AAA102, AAA103, AAE030, AAE031, AAZ093, AAZ094, AAA104, AAA101, AAA105, aaa106, aaa107, aae011, aae036, yxbz) VALUES
('LHFJNDPDDJ', 'B', 'B良好', 199405, NULL, '2017031514513389404753865', '2017031514513375161136011', NULL, NULL, NULL, NULL, NULL, NULL, NULL, '1');
INSERT INTO aa10(AAA100, AAA102, AAA103, AAE030, AAE031, AAZ093, AAZ094, AAA104, AAA101, AAA105, aaa106, aaa107, aae011, aae036, yxbz) VALUES
('LHFJNDPDDJ', 'C', 'C一般', 199405, NULL, '2017031514513398090877102', '2017031514513375161136011', NULL, NULL, NULL, NULL, NULL, NULL, NULL, '1');
INSERT INTO aa10(AAA100, AAA102, AAA103, AAE030, AAE031, AAZ093, AAZ094, AAA104, AAA101, AAA105, aaa106, aaa107, aae011, aae036, yxbz) VALUES
('LHFJNDPDDJ', '1', 'A级风险', 199405, NULL, '2018032913490742195772418', '2017031514513375161136011', NULL, NULL, NULL, NULL, NULL, NULL, NULL, '1');
INSERT INTO aa10(AAA100, AAA102, AAA103, AAE030, AAE031, AAZ093, AAZ094, AAA104, AAA101, AAA105, aaa106, aaa107, aae011, aae036, yxbz) VALUES
('LHFJNDPDDJ', '2', 'B级风险', 199405, NULL, '2018032913490742195772419', '2017031514513375161136011', NULL, NULL, NULL, NULL, NULL, NULL, NULL, '1');
INSERT INTO aa10(AAA100, AAA102, AAA103, AAE030, AAE031, AAZ093, AAZ094, AAA104, AAA101, AAA105, aaa106, aaa107, aae011, aae036, yxbz) VALUES
('LHFJNDPDDJ', '3', 'C级风险', 199405, NULL, '2018032913490742195772420', '2017031514513375161136011', NULL, NULL, NULL, NULL, NULL, NULL, NULL, '1');
INSERT INTO aa10(AAA100, AAA102, AAA103, AAE030, AAE031, AAZ093, AAZ094, AAA104, AAA101, AAA105, aaa106, aaa107, aae011, aae036, yxbz) VALUES
('LHFJNDPDDJ', '4', 'D级风险', 199405, NULL, '2018032913490742195772421', '2017031514513375161136011', NULL, NULL, NULL, NULL, NULL, NULL, NULL, '1');
INSERT INTO aa10(AAA100, AAA102, AAA103, AAE030, AAE031, AAZ093, AAZ094, AAA104, AAA101, AAA105, aaa106, aaa107, aae011, aae036, yxbz) VALUES
('LHFJDTPDDJ', '1', 'A级风险', NULL, NULL, '2018042112500954098766813', '2017031514513332996799361', NULL, NULL, NULL, NULL, NULL, NULL, NULL, '1');
INSERT INTO aa10(AAA100, AAA102, AAA103, AAE030, AAE031, AAZ093, AAZ094, AAA104, AAA101, AAA105, aaa106, aaa107, aae011, aae036, yxbz) VALUES
('LHFJDTPDDJ', '2', 'B级风险', NULL, NULL, '2018042112500954098766814', '2017031514513332996799361', NULL, NULL, NULL, NULL, NULL, NULL, NULL, '1');
INSERT INTO aa10(AAA100, AAA102, AAA103, AAE030, AAE031, AAZ093, AAZ094, AAA104, AAA101, AAA105, aaa106, aaa107, aae011, aae036, yxbz) VALUES
('LHFJDTPDDJ', '3', 'C级风险', NULL, NULL, '2018042112500954098766815', '2017031514513332996799361', NULL, NULL, NULL, NULL, NULL, NULL, NULL, '1');
INSERT INTO aa10(AAA100, AAA102, AAA103, AAE030, AAE031, AAZ093, AAZ094, AAA104, AAA101, AAA105, aaa106, aaa107, aae011, aae036, yxbz) VALUES
('LHFJDTPDDJ', '4', 'D级风险', NULL, NULL, '2018042112500954098766816', '2017031514513332996799361', NULL, NULL, NULL, NULL, NULL, NULL, NULL, '1');

INSERT INTO aa09(AAA100, AAA101, AAA104, AAZ094) VALUES('ORGPROP', '机构属性', '1', '2018032914211232058848656');
INSERT INTO aa10(AAA100, AAA102, AAA103, AAE030, AAE031, AAZ093, AAZ094, AAA104, AAA101, AAA105, aaa106, aaa107, aae011, aae036, yxbz) VALUES
('ORGPROP', '100003', '食品餐饮', 199405, NULL, '2018032914211214225290356', '2018032914211232058848656', NULL, NULL, NULL, NULL, NULL, NULL, NULL, '1');
INSERT INTO aa10(AAA100, AAA102, AAA103, AAE030, AAE031, AAZ093, AAZ094, AAA104, AAA101, AAA105, aaa106, aaa107, aae011, aae036, yxbz) VALUES
('ORGPROP', '100002', '食品流通', 199405, NULL, '2018032914211279984366595', '2018032914211232058848656', NULL, NULL, NULL, NULL, NULL, NULL, NULL, '1');
INSERT INTO aa10(AAA100, AAA102, AAA103, AAE030, AAE031, AAZ093, AAZ094, AAA104, AAA101, AAA105, aaa106, aaa107, aae011, aae036, yxbz) VALUES
('ORGPROP', '100001', '食品生产', 199405, NULL, '2018032914211295232181898', '2018032914211232058848656', NULL, NULL, NULL, NULL, NULL, NULL, NULL, '1');


INSERT INTO aa10(AAA100, AAA102, AAA103, AAE030, AAE031, AAZ093, AAZ094, AAA104, AAA101, AAA105, aaa106, aaa107, aae011, aae036, yxbz) VALUES
('CONTENTIMPT', '5', '低（Ⅰ）', NULL, NULL, '2018041016115772201184623', '1455', NULL, NULL, NULL, NULL, NULL, NULL, NULL, '1');
INSERT INTO aa10(AAA100, AAA102, AAA103, AAE030, AAE031, AAZ093, AAZ094, AAA104, AAA101, AAA105, aaa106, aaa107, aae011, aae036, yxbz) VALUES
('CONTENTIMPT', '6', '较低（Ⅱ）', NULL, NULL, '2018041016115772201184624', '1455', NULL, NULL, NULL, NULL, NULL, NULL, NULL, '1');
INSERT INTO aa10(AAA100, AAA102, AAA103, AAE030, AAE031, AAZ093, AAZ094, AAA104, AAA101, AAA105, aaa106, aaa107, aae011, aae036, yxbz) VALUES
('CONTENTIMPT', '7', '中等（Ⅲ）', NULL, NULL, '2018041016115772201184625', '1455', NULL, NULL, NULL, NULL, NULL, NULL, NULL, '1');
INSERT INTO aa10(AAA100, AAA102, AAA103, AAE030, AAE031, AAZ093, AAZ094, AAA104, AAA101, AAA105, aaa106, aaa107, aae011, aae036, yxbz) VALUES
('CONTENTIMPT', '8', '高（Ⅳ）', NULL, NULL, '2018041016115772201184626', '1455', NULL, NULL, NULL, NULL, NULL, NULL, NULL, '1');
INSERT INTO aa10(AAA100, AAA102, AAA103, AAE030, AAE031, AAZ093, AAZ094, AAA104, AAA101, AAA105, aaa106, aaa107, aae011, aae036, yxbz) VALUES
('CONTENTIMPT', '9', '/', NULL, NULL, '2018041016115772201184627', '1455', NULL, NULL, NULL, NULL, NULL, NULL, NULL, '1');


INSERT INTO aa10(AAA100, AAA102, AAA103, AAE030, AAE031, AAZ093, AAZ094, AAA104, AAA101, AAA105, aaa106, aaa107, aae011, aae036, yxbz) VALUES
('RYZWGW', '106001', '检验人', 199405, NULL, '2018051416034784894093205', '2017042115101870215135870', NULL, NULL, NULL, NULL, NULL, NULL, NULL, '1');
INSERT INTO aa10(AAA100, AAA102, AAA103, AAE030, AAE031, AAZ093, AAZ094, AAA104, AAA101, AAA105, aaa106, aaa107, aae011, aae036, yxbz) VALUES
('RYZWGW', '106002', '检验人员', 199405, NULL, '2018051416034784894093206', '2017042115101870215135870', NULL, NULL, NULL, NULL, NULL, NULL, NULL, '1');
INSERT INTO aa10(AAA100, AAA102, AAA103, AAE030, AAE031, AAZ093, AAZ094, AAA104, AAA101, AAA105, aaa106, aaa107, aae011, aae036, yxbz) VALUES
('RYZWGW', '106003', '技术管理人员', 199405, NULL, '2018051416034784894093207', '2017042115101870215135870', NULL, NULL, NULL, NULL, NULL, NULL, NULL, '1');
INSERT INTO aa10(AAA100, AAA102, AAA103, AAE030, AAE031, AAZ093, AAZ094, AAA104, AAA101, AAA105, aaa106, aaa107, aae011, aae036, yxbz) VALUES
('RYZWGW', '106004', '辅助人员', 199405, NULL, '2018051416034784894093208', '2017042115101870215135870', NULL, NULL, NULL, NULL, NULL, NULL, NULL, '1');


delete from aa10 where aaz093='2017031514553829185564750';
INSERT INTO aa10(AAA100, AAA102, AAA103, AAE030, AAE031, AAZ093, AAZ094, AAA104, AAA101, AAA105, aaa106, aaa107, aae011, aae036, yxbz, paixu) VALUES
('RESULTSTATE', '4', '检查完成', 199405, NULL, '2017031514553829185564750', '2017031514553824627173714', NULL, NULL, NULL, NULL, NULL, NULL, NULL, '1', 0);
INSERT INTO aa10(AAA100, AAA102, AAA103, AAE030, AAE031, AAZ093, AAZ094, AAA104, AAA101, AAA105, aaa106, aaa107, aae011, aae036, yxbz, paixu)
VALUES('RESULTSTATE', '6', '预览', 199405, NULL, '2018052516013029290021331', '2017031514553824627173714', NULL, NULL, NULL, NULL, NULL, NULL, NULL, '1', 0);


INSERT INTO aa10(AAA100, AAA102, AAA103, AAE030, AAE031, AAZ093, AAZ094, AAA104, AAA101, AAA105, aaa106, aaa107, aae011, aae036, yxbz, paixu) VALUES
('USERKIND', '30', '网上注册用户', 199405, NULL, '2018052615040242055667417', '1320', NULL, NULL, NULL, NULL, NULL, NULL, NULL, '1', 0);


INSERT INTO aa10(AAA100, AAA102, AAA103, AAE030, AAE031, AAZ093, AAZ094, AAA104, AAA101, AAA105, aaa106, aaa107, aae011, aae036, yxbz, paixu) VALUES
('USERKIND', '20', '检验检测机构', 199405, NULL, '2018060112025167708912554', '1320', NULL, NULL, NULL, NULL, NULL, NULL, NULL, '1', 0);
INSERT INTO aa10(AAA100, AAA102, AAA103, AAE030, AAE031, AAZ093, AAZ094, AAA104, AAA101, AAA105, aaa106, aaa107, aae011, aae036, yxbz, paixu) VALUES
('USERKIND', '21', '检验检测机构人员', 199405, NULL, '2018060112025167708912555', '1302', NULL, NULL, NULL, NULL, NULL, NULL, NULL, '1', 0);


INSERT INTO aa09(AAA100, AAA101, AAA104, AAZ094) VALUES
('JCJGUSERKIND', '检测机构用户类型', '1', '2018060112070523318720070');
INSERT INTO aa10(AAA100, AAA102, AAA103, AAE030, AAE031, AAZ093, AAZ094, AAA104, AAA101, AAA105, aaa106, aaa107, aae011, aae036, yxbz, paixu) VALUES
('JCJGUSERKIND', '20', '检验检测机构人员', 199405, NULL, '2018060112070555290100309', '2018060112070523318720070', NULL, NULL, NULL, NULL, NULL, NULL, NULL, '1', 0);

INSERT INTO aa09(AAA100, AAA101, AAA104, AAZ094) VALUES('USERPOSITION', '用户职位', '1', '100');
INSERT INTO aa10(AAA100, AAA102, AAA103, AAE030, AAE031, AAZ093, AAZ094, AAA104, AAA101, AAA105, aaa106, aaa107, aae011, aae036, yxbz, paixu)
VALUES('USERPOSITION', '2', '科室副领导', 199405, NULL, '2018053114473411970716260', '100', NULL, NULL, NULL, NULL, NULL, NULL, NULL, '1', 0);
INSERT INTO aa10(AAA100, AAA102, AAA103, AAE030, AAE031, AAZ093, AAZ094, AAA104, AAA101, AAA105, aaa106, aaa107, aae011, aae036, yxbz, paixu)
VALUES('USERPOSITION', '5', '局领导', 199405, NULL, '2018053114473420347901359', '100', NULL, NULL, NULL, NULL, NULL, NULL, NULL, '1', 0);
INSERT INTO aa10(AAA100, AAA102, AAA103, AAE030, AAE031, AAZ093, AAZ094, AAA104, AAA101, AAA105, aaa106, aaa107, aae011, aae036, yxbz, paixu)
VALUES('USERPOSITION', '3', '科室正领导', 199405, NULL, '2018053114473436359483037', '100', NULL, NULL, NULL, NULL, NULL, NULL, NULL, '1', 0);
INSERT INTO aa10(AAA100, AAA102, AAA103, AAE030, AAE031, AAZ093, AAZ094, AAA104, AAA101, AAA105, aaa106, aaa107, aae011, aae036, yxbz, paixu)
VALUES('USERPOSITION', '4', '主管局领导', 199405, NULL, '2018053114473445885269479', '100', NULL, NULL, NULL, NULL, NULL, NULL, NULL, '1', 0);
INSERT INTO aa10(AAA100, AAA102, AAA103, AAE030, AAE031, AAZ093, AAZ094, AAA104, AAA101, AAA105, aaa106, aaa107, aae011, aae036, yxbz, paixu)
VALUES('USERPOSITION', '1', '科室基层人员', 199405, NULL, '2018053114473478313671120', '100', NULL, NULL, NULL, NULL, NULL, NULL, NULL, '1', 0);

INSERT INTO aa09(AAA100, AAA101, AAA104, AAZ094) VALUES('CHECKTYPE', '检查类型', '1', '2017093016360667249232220');
INSERT INTO aa10(AAA100, AAA102, AAA103, AAE030, AAE031, AAZ093, AAZ094, AAA104, AAA101, AAA105, aaa106, aaa107, aae011, aae036, yxbz, paixu) VALUES('CHECKTYPE', '1', '现场检查', 199405, NULL, '2017093016360626039256924', '2017093016360667249232220', NULL, NULL, NULL, NULL, NULL, NULL, NULL, '1', 0);
INSERT INTO aa10(AAA100, AAA102, AAA103, AAE030, AAE031, AAZ093, AAZ094, AAA104, AAA101, AAA105, aaa106, aaa107, aae011, aae036, yxbz, paixu) VALUES('CHECKTYPE', '2', '专项检查', 199405, NULL, '2017093016360728448591035', '2017093016360667249232220', NULL, NULL, NULL, NULL, NULL, NULL, NULL, '1', 0);

INSERT INTO aa09(AAA100, AAA101, AAA104, AAZ094) VALUES('XKFW', '许可范围', '1', '2017120110391097614280411');
INSERT INTO aa10(AAA100, AAA102, AAA103, AAE030, AAE031, AAZ093, AAZ094, AAA104, AAA101, AAA105, aaa106, aaa107, aae011, aae036, yxbz, paixu) VALUES('XKFW', 'D', '散装食品不含冷冻', 199405, NULL, '2017120513431568916545499', '2017120110391097614280411', NULL, NULL, NULL, NULL, NULL, NULL, NULL, '1', 0);
INSERT INTO aa10(AAA100, AAA102, AAA103, AAE030, AAE031, AAZ093, AAZ094, AAA104, AAA101, AAA105, aaa106, aaa107, aae011, aae036, yxbz, paixu) VALUES('XKFW', 'C', '散装食品含冷冻', 199405, NULL, '2017120513431591655267487', '2017120110391097614280411', NULL, NULL, NULL, NULL, NULL, NULL, NULL, '1', 0);
INSERT INTO aa10(AAA100, AAA102, AAA103, AAE030, AAE031, AAZ093, AAZ094, AAA104, AAA101, AAA105, aaa106, aaa107, aae011, aae036, yxbz, paixu) VALUES('XKFW', 'B', '预包装食品不含冷冻', 199405, NULL, '2017120513431596453265004', '2017120110391097614280411', NULL, NULL, NULL, NULL, NULL, NULL, NULL, '1', 0);
INSERT INTO aa10(AAA100, AAA102, AAA103, AAE030, AAE031, AAZ093, AAZ094, AAA104, AAA101, AAA105, aaa106, aaa107, aae011, aae036, yxbz, paixu) VALUES('XKFW', 'A', '预包装食品含冷冻', 199405, NULL, '2017120513431596870353535', '2017120110391097614280411', NULL, NULL, NULL, NULL, NULL, NULL, NULL, '1', 0);
INSERT INTO aa10(AAA100, AAA102, AAA103, AAE030, AAE031, AAZ093, AAZ094, AAA104, AAA101, AAA105, aaa106, aaa107, aae011, aae036, yxbz, paixu) VALUES('XKFW', 'I', '其他类食品销售', 199405, NULL, '2017120513431632108507335', '2017120110391097614280411', NULL, NULL, NULL, NULL, NULL, NULL, NULL, '1', 0);
INSERT INTO aa10(AAA100, AAA102, AAA103, AAE030, AAE031, AAZ093, AAZ094, AAA104, AAA101, AAA105, aaa106, aaa107, aae011, aae036, yxbz, paixu) VALUES('XKFW', 'F', '特殊医学用途配方食品', 199405, NULL, '2017120513431641335007121', '2017120110391097614280411', NULL, NULL, NULL, NULL, NULL, NULL, NULL, '1', 0);
INSERT INTO aa10(AAA100, AAA102, AAA103, AAE030, AAE031, AAZ093, AAZ094, AAA104, AAA101, AAA105, aaa106, aaa107, aae011, aae036, yxbz, paixu) VALUES('XKFW', 'H', '其他婴幼儿配方食品', 199405, NULL, '2017120513431665116253462', '2017120110391097614280411', NULL, NULL, NULL, NULL, NULL, NULL, NULL, '1', 0);
INSERT INTO aa10(AAA100, AAA102, AAA103, AAE030, AAE031, AAZ093, AAZ094, AAA104, AAA101, AAA105, aaa106, aaa107, aae011, aae036, yxbz, paixu) VALUES('XKFW', 'E', '保健食品', 199405, NULL, '2017120513431669616928109', '2017120110391097614280411', NULL, NULL, NULL, NULL, NULL, NULL, NULL, '1', 0);
INSERT INTO aa10(AAA100, AAA102, AAA103, AAE030, AAE031, AAZ093, AAZ094, AAA104, AAA101, AAA105, aaa106, aaa107, aae011, aae036, yxbz, paixu) VALUES('XKFW', 'G', '婴幼儿配方乳粉', 199405, NULL, '2017120513431697824254350', '2017120110391097614280411', NULL, NULL, NULL, NULL, NULL, NULL, NULL, '1', 0);

INSERT INTO aa09(AAA100, AAA101, AAA104, AAZ094) VALUES('FXDJJY', '风险等级建议', '1', '2017122915545015555167771');
INSERT INTO aa10(AAA100, AAA102, AAA103, AAE030, AAE031, AAZ093, AAZ094, AAA104, AAA101, AAA105, aaa106, aaa107, aae011, aae036, yxbz, paixu) VALUES('FXDJJY', '2', '不调整风险等级', 199405, NULL, '2017122915545037971271982', '2017122915545015555167771', NULL, NULL, NULL, NULL, NULL, NULL, NULL, '1', 0);
INSERT INTO aa10(AAA100, AAA102, AAA103, AAE030, AAE031, AAZ093, AAZ094, AAA104, AAA101, AAA105, aaa106, aaa107, aae011, aae036, yxbz, paixu) VALUES('FXDJJY', '3', '下调个风险等级', 199405, NULL, '2017122915545059074299651', '2017122915545015555167771', NULL, NULL, NULL, NULL, NULL, NULL, NULL, '1', 0);
INSERT INTO aa10(AAA100, AAA102, AAA103, AAE030, AAE031, AAZ093, AAZ094, AAA104, AAA101, AAA105, aaa106, aaa107, aae011, aae036, yxbz, paixu) VALUES('FXDJJY', '1', '上调个风险等级', 199405, NULL, '2017122915545076927354444', '2017122915545015555167771', NULL, NULL, NULL, NULL, NULL, NULL, NULL, '1', 0);

INSERT INTO aa09(AAA100, AAA101, AAA104, AAZ094) VALUES('ZZZMZTYT', '主体业态', '1', '2018040314371548096153920');
INSERT INTO aa10(AAA100, AAA102, AAA103, AAE030, AAE031, AAZ093, AAZ094, AAA104, AAA101, AAA105, aaa106, aaa107, aae011, aae036, yxbz, paixu) VALUES('ZZZMZTYT', '1', '商场超市', 199405, NULL, '2018040314371581305680406', '2018040314371548096153920', NULL, NULL, NULL, NULL, NULL, NULL, NULL, '1', 0);
INSERT INTO aa10(AAA100, AAA102, AAA103, AAE030, AAE031, AAZ093, AAZ094, AAA104, AAA101, AAA105, aaa106, aaa107, aae011, aae036, yxbz, paixu) VALUES('ZZZMZTYT', '3', '食杂店', 199405, NULL, '2018040314371616580756489', '2018040314371548096153920', NULL, NULL, NULL, NULL, NULL, NULL, NULL, '1', 0);
INSERT INTO aa10(AAA100, AAA102, AAA103, AAE030, AAE031, AAZ093, AAZ094, AAA104, AAA101, AAA105, aaa106, aaa107, aae011, aae036, yxbz, paixu) VALUES('ZZZMZTYT', '12', '中央厨房', 199405, NULL, '2018040314371624155863490', '2018040314371548096153920', NULL, NULL, NULL, NULL, NULL, NULL, NULL, '1', 0);
INSERT INTO aa10(AAA100, AAA102, AAA103, AAE030, AAE031, AAZ093, AAZ094, AAA104, AAA101, AAA105, aaa106, aaa107, aae011, aae036, yxbz, paixu) VALUES('ZZZMZTYT', '11', '微型餐饮', 199405, NULL, '2018040314371629291933615', '2018040314371548096153920', NULL, NULL, NULL, NULL, NULL, NULL, NULL, '1', 0);
INSERT INTO aa10(AAA100, AAA102, AAA103, AAE030, AAE031, AAZ093, AAZ094, AAA104, AAA101, AAA105, aaa106, aaa107, aae011, aae036, yxbz, paixu) VALUES('ZZZMZTYT', '16', '职工食堂', 199405, NULL, '2018040314371631547464925', '2018040314371548096153920', NULL, NULL, NULL, NULL, NULL, NULL, NULL, '1', 0);
INSERT INTO aa10(AAA100, AAA102, AAA103, AAE030, AAE031, AAZ093, AAZ094, AAA104, AAA101, AAA105, aaa106, aaa107, aae011, aae036, yxbz, paixu) VALUES('ZZZMZTYT', '13', '集体用餐配送单位', 199405, NULL, '2018040314371632903519675', '2018040314371548096153920', NULL, NULL, NULL, NULL, NULL, NULL, NULL, '1', 0);
INSERT INTO aa10(AAA100, AAA102, AAA103, AAE030, AAE031, AAZ093, AAZ094, AAA104, AAA101, AAA105, aaa106, aaa107, aae011, aae036, yxbz, paixu) VALUES('ZZZMZTYT', '7', '特大型餐饮', 199405, NULL, '2018040314371633155488067', '2018040314371548096153920', NULL, NULL, NULL, NULL, NULL, NULL, NULL, '1', 0);
INSERT INTO aa10(AAA100, AAA102, AAA103, AAE030, AAE031, AAZ093, AAZ094, AAA104, AAA101, AAA105, aaa106, aaa107, aae011, aae036, yxbz, paixu) VALUES('ZZZMZTYT', '15', '托幼机构食堂', 199405, NULL, '2018040314371661539498960', '2018040314371548096153920', NULL, NULL, NULL, NULL, NULL, NULL, NULL, '1', 0);
INSERT INTO aa10(AAA100, AAA102, AAA103, AAE030, AAE031, AAZ093, AAZ094, AAA104, AAA101, AAA105, aaa106, aaa107, aae011, aae036, yxbz, paixu) VALUES('ZZZMZTYT', '4', '食品贸易商', 199405, NULL, '2018040314371666051087400', '2018040314371548096153920', NULL, NULL, NULL, NULL, NULL, NULL, NULL, '1', 0);
INSERT INTO aa10(AAA100, AAA102, AAA103, AAE030, AAE031, AAZ093, AAZ094, AAA104, AAA101, AAA105, aaa106, aaa107, aae011, aae036, yxbz, paixu) VALUES('ZZZMZTYT', '18', '其他食堂', 199405, NULL, '2018040314371670951762395', '2018040314371548096153920', NULL, NULL, NULL, NULL, NULL, NULL, NULL, '1', 0);
INSERT INTO aa10(AAA100, AAA102, AAA103, AAE030, AAE031, AAZ093, AAZ094, AAA104, AAA101, AAA105, aaa106, aaa107, aae011, aae036, yxbz, paixu) VALUES('ZZZMZTYT', '17', '工地食堂', 199405, NULL, '2018040314371673118830819', '2018040314371548096153920', NULL, NULL, NULL, NULL, NULL, NULL, NULL, '1', 0);
INSERT INTO aa10(AAA100, AAA102, AAA103, AAE030, AAE031, AAZ093, AAZ094, AAA104, AAA101, AAA105, aaa106, aaa107, aae011, aae036, yxbz, paixu) VALUES('ZZZMZTYT', '10', '小型餐饮', 199405, NULL, '2018040314371674101269221', '2018040314371548096153920', NULL, NULL, NULL, NULL, NULL, NULL, NULL, '1', 0);
INSERT INTO aa10(AAA100, AAA102, AAA103, AAE030, AAE031, AAZ093, AAZ094, AAA104, AAA101, AAA105, aaa106, aaa107, aae011, aae036, yxbz, paixu) VALUES('ZZZMZTYT', '8', '大型餐饮', 199405, NULL, '2018040314371675974253263', '2018040314371548096153920', NULL, NULL, NULL, NULL, NULL, NULL, NULL, '1', 0);
INSERT INTO aa10(AAA100, AAA102, AAA103, AAE030, AAE031, AAZ093, AAZ094, AAA104, AAA101, AAA105, aaa106, aaa107, aae011, aae036, yxbz, paixu) VALUES('ZZZMZTYT', '9', '中型餐饮', 199405, NULL, '2018040314371680404805187', '2018040314371548096153920', NULL, NULL, NULL, NULL, NULL, NULL, NULL, '1', 0);
INSERT INTO aa10(AAA100, AAA102, AAA103, AAE030, AAE031, AAZ093, AAZ094, AAA104, AAA101, AAA105, aaa106, aaa107, aae011, aae036, yxbz, paixu) VALUES('ZZZMZTYT', '5', '网络食品销售商', 199405, NULL, '2018040314371683283277306', '2018040314371548096153920', NULL, NULL, NULL, NULL, NULL, NULL, NULL, '1', 0);
INSERT INTO aa10(AAA100, AAA102, AAA103, AAE030, AAE031, AAZ093, AAZ094, AAA104, AAA101, AAA105, aaa106, aaa107, aae011, aae036, yxbz, paixu) VALUES('ZZZMZTYT', '14', '学生食堂', 199405, NULL, '2018040314371692050010982', '2018040314371548096153920', NULL, NULL, NULL, NULL, NULL, NULL, NULL, '1', 0);
INSERT INTO aa10(AAA100, AAA102, AAA103, AAE030, AAE031, AAZ093, AAZ094, AAA104, AAA101, AAA105, aaa106, aaa107, aae011, aae036, yxbz, paixu) VALUES('ZZZMZTYT', '2', '便利店', 199405, NULL, '2018040314371692099558927', '2018040314371548096153920', NULL, NULL, NULL, NULL, NULL, NULL, NULL, '1', 0);
INSERT INTO aa10(AAA100, AAA102, AAA103, AAE030, AAE031, AAZ093, AAZ094, AAA104, AAA101, AAA105, aaa106, aaa107, aae011, aae036, yxbz, paixu) VALUES('ZZZMZTYT', '6', '食品自动售货销售商', 199405, NULL, '2018040314371696601063382', '2018040314371548096153920', NULL, NULL, NULL, NULL, NULL, NULL, NULL, '1', 0);
INSERT INTO aa10(AAA100, AAA102, AAA103, AAE030, AAE031, AAZ093, AAZ094, AAA104, AAA101, AAA105, aaa106, aaa107, aae011, aae036, yxbz, paixu) VALUES('ZZZMZTYT', '19', '食品零售', 199405, NULL, '2018061114371696601063382', '2018040314371548096153920', NULL, NULL, NULL, NULL, NULL, NULL, NULL, '1', 0);

INSERT INTO aa09(AAA100, AAA101, AAA104, AAZ094) VALUES('PLANMOBANKIND', '计划模板类型', '1', '2018041916003321877897644');
INSERT INTO aa10(AAA100, AAA102, AAA103, AAE030, AAE031, AAZ093, AAZ094, AAA104, AAA101, AAA105, aaa106, aaa107, aae011, aae036, yxbz, paixu)
VALUES('PLANMOBANKIND', '5', '食品销售环节动态风险因素量化分值表', NULL, NULL, '2018040408552143713404839', '2018041916003321877897644', NULL, NULL, NULL, NULL, NULL, NULL, NULL, '1', 0);
INSERT INTO aa10(AAA100, AAA102, AAA103, AAE030, AAE031, AAZ093, AAZ094, AAA104, AAA101, AAA105, aaa106, aaa107, aae011, aae036, yxbz, paixu)
VALUES('PLANMOBANKIND', '6', '食品销售企业静态风险因素量化分值表', NULL, NULL, '2018041208552143713404839', '2018041916003321877897644', NULL, NULL, NULL, NULL, NULL, NULL, NULL, '1', 0);
INSERT INTO aa10(AAA100, AAA102, AAA103, AAE030, AAE031, AAZ093, AAZ094, AAA104, AAA101, AAA105, aaa106, aaa107, aae011, aae036, yxbz, paixu)
VALUES('PLANMOBANKIND', '7', '食品、食品添加剂生产者静态风险因素量化分值表', NULL, NULL, '2018041208552143713404888', '2018041916003321877897644', NULL, NULL, NULL, NULL, NULL, NULL, NULL, '1', 0);
INSERT INTO aa10(AAA100, AAA102, AAA103, AAE030, AAE031, AAZ093, AAZ094, AAA104, AAA101, AAA105, aaa106, aaa107, aae011, aae036, yxbz, paixu)
VALUES('PLANMOBANKIND', '8', '餐饮服务提供者静态风险因素量化分值表', NULL, NULL, '2018041412144320967916418', '2018041916003321877897644', NULL, NULL, NULL, NULL, NULL, NULL, NULL, '1', 0);
INSERT INTO aa10(AAA100, AAA102, AAA103, AAE030, AAE031, AAZ093, AAZ094, AAA104, AAA101, AAA105, aaa106, aaa107, aae011, aae036, yxbz, paixu)
VALUES('PLANMOBANKIND', '9', '餐饮服务食品安全监督年度等级评定表', NULL, NULL, '2018041418144823536038600', '2018041916003321877897644', NULL, NULL, NULL, NULL, NULL, NULL, NULL, '1', 0);
INSERT INTO aa10(AAA100, AAA102, AAA103, AAE030, AAE031, AAZ093, AAZ094, AAA104, AAA101, AAA105, aaa106, aaa107, aae011, aae036, yxbz, paixu)
VALUES('PLANMOBANKIND', '10', '食品生产经营者风险等级确定表', NULL, NULL, '2018041513002833245981700', '2018041916003321877897644', NULL, NULL, NULL, NULL, NULL, NULL, NULL, '1', 0);
INSERT INTO aa10(AAA100, AAA102, AAA103, AAE030, AAE031, AAZ093, AAZ094, AAA104, AAA101, AAA105, aaa106, aaa107, aae011, aae036, yxbz, paixu)
VALUES('PLANMOBANKIND', '11', '餐饮服务食品安全监督动态评定表', NULL, NULL, '2018041915413753896722899', '2018041916003321877897644', NULL, NULL, NULL, NULL, NULL, NULL, NULL, '1', 0);
INSERT INTO aa10(AAA100, AAA102, AAA103, AAE030, AAE031, AAZ093, AAZ094, AAA104, AAA101, AAA105, aaa106, aaa107, aae011, aae036, yxbz, paixu)
VALUES('PLANMOBANKIND', '12', '食品生产者动态风险因素评定表', NULL, NULL, '2018041915413753896722901', '2018041916003321877897644', NULL, NULL, NULL, NULL, NULL, NULL, NULL, '1', 0);
INSERT INTO aa10(AAA100, AAA102, AAA103, AAE030, AAE031, AAZ093, AAZ094, AAA104, AAA101, AAA105, aaa106, aaa107, aae011, aae036, yxbz, paixu)
VALUES('PLANMOBANKIND', '13', '流通环节食品安全重点检查', NULL, NULL, '2018041916295744228986039', '2018041916003321877897644', NULL, NULL, NULL, NULL, NULL, NULL, NULL, '1', 0);
INSERT INTO aa10(AAA100, AAA102, AAA103, AAE030, AAE031, AAZ093, AAZ094, AAA104, AAA101, AAA105, aaa106, aaa107, aae011, aae036, yxbz, paixu)
VALUES('PLANMOBANKIND', '14', '餐饮服务日常监督检查', NULL, NULL, '2018041916295744228986061', '2018041916003321877897644', NULL, NULL, NULL, NULL, NULL, NULL, NULL, '1', 0);
INSERT INTO aa10(AAA100, AAA102, AAA103, AAE030, AAE031, AAZ093, AAZ094, AAA104, AAA101, AAA105, aaa106, aaa107, aae011, aae036, yxbz, paixu)
VALUES('PLANMOBANKIND', '15', '特殊场所日常监督检查', NULL, NULL, '2018041916295744228986062', '2018041916003321877897644', NULL, NULL, NULL, NULL, NULL, NULL, NULL, '1', 0);
INSERT INTO aa10(AAA100, AAA102, AAA103, AAE030, AAE031, AAZ093, AAZ094, AAA104, AAA101, AAA105, aaa106, aaa107, aae011, aae036, yxbz, paixu)
VALUES('PLANMOBANKIND', '16', '食品销售日常监督检查要点表', NULL, NULL, '2018041916295744228986063', '2018041916003321877897644', NULL, NULL, NULL, NULL, NULL, NULL, NULL, '1', 0);
INSERT INTO aa10(AAA100, AAA102, AAA103, AAE030, AAE031, AAZ093, AAZ094, AAA104, AAA101, AAA105, aaa106, aaa107, aae011, aae036, yxbz, paixu)
VALUES('PLANMOBANKIND', '17', '农村集体聚餐食品安全现场指导项目', NULL, NULL, '2018041916295744228986064', '2018041916003321877897644', NULL, NULL, NULL, NULL, NULL, NULL, NULL, '1', 0);
INSERT INTO aa10(AAA100, AAA102, AAA103, AAE030, AAE031, AAZ093, AAZ094, AAA104, AAA101, AAA105, aaa106, aaa107, aae011, aae036, yxbz, paixu)
VALUES('PLANMOBANKIND', '18', '食品加工小作坊监督检查', NULL, NULL, '2018041916295744228986065', '2018041916003321877897644', NULL, NULL, NULL, NULL, NULL, NULL, NULL, '1', 0);
INSERT INTO aa10(AAA100, AAA102, AAA103, AAE030, AAE031, AAZ093, AAZ094, AAA104, AAA101, AAA105, aaa106, aaa107, aae011, aae036, yxbz, paixu)
VALUES('PLANMOBANKIND', '19', '食品生产日常监督检查', NULL, NULL, '2018041916295744228986066', '2018041916003321877897644', NULL, NULL, NULL, NULL, NULL, NULL, NULL, '1', 0);
INSERT INTO aa10(AAA100, AAA102, AAA103, AAE030, AAE031, AAZ093, AAZ094, AAA104, AAA101, AAA105, aaa106, aaa107, aae011, aae036, yxbz, paixu)
VALUES('PLANMOBANKIND', '20', '食品重大活动检查', NULL, NULL, '2018041916295744228986067', '2018041916003321877897644', NULL, NULL, NULL, NULL, NULL, NULL, NULL, '1', 0);
INSERT INTO aa10(AAA100, AAA102, AAA103, AAE030, AAE031, AAZ093, AAZ094, AAA104, AAA101, AAA105, aaa106, aaa107, aae011, aae036, yxbz, paixu)
VALUES('PLANMOBANKIND', '21', '保健食品生产企业动态风险因素量化风险分值表', NULL, NULL, '2018041916295744228986068', '2018041916003321877897644', NULL, NULL, NULL, NULL, NULL, NULL, NULL, '1', 0);

INSERT INTO aa09(AAA100, AAA101, AAA104, AAZ094) VALUES('LWJG', '来文机关', '1', '2018051211354639298976342');
INSERT INTO aa10(AAA100, AAA102, AAA103, AAE030, AAE031, AAZ093, AAZ094, AAA104, AAA101, AAA105, aaa106, aaa107, aae011, aae036, yxbz, paixu) VALUES('LWJG', '1', '省局', 199405, NULL, '2018051211354640289987754', '2018051211354639298976342', NULL, NULL, NULL, NULL, NULL, NULL, NULL, '1', 0);
INSERT INTO aa10(AAA100, AAA102, AAA103, AAE030, AAE031, AAZ093, AAZ094, AAA104, AAA101, AAA105, aaa106, aaa107, aae011, aae036, yxbz, paixu) VALUES('LWJG', '2', '市委人大政协', 199405, NULL, '2018051211354683553012817', '2018051211354639298976342', NULL, NULL, NULL, NULL, NULL, NULL, NULL, '1', 0);
INSERT INTO aa10(AAA100, AAA102, AAA103, AAE030, AAE031, AAZ093, AAZ094, AAA104, AAA101, AAA105, aaa106, aaa107, aae011, aae036, yxbz, paixu) VALUES('LWJG', '8', '异议说明书', 199405, NULL, '2018051211354715837769504', '2018051211354639298976342', NULL, NULL, NULL, NULL, NULL, NULL, NULL, '1', 0);
INSERT INTO aa10(AAA100, AAA102, AAA103, AAE030, AAE031, AAZ093, AAZ094, AAA104, AAA101, AAA105, aaa106, aaa107, aae011, aae036, yxbz, paixu) VALUES('LWJG', '7', '抽检报告书', 199405, NULL, '2018051211354717489219566', '2018051211354639298976342', NULL, NULL, NULL, NULL, NULL, NULL, NULL, '1', 0);
INSERT INTO aa10(AAA100, AAA102, AAA103, AAE030, AAE031, AAZ093, AAZ094, AAA104, AAA101, AAA105, aaa106, aaa107, aae011, aae036, yxbz, paixu) VALUES('LWJG', '9', '其他', 199405, NULL, '2018051211354726721191896', '2018051211354639298976342', NULL, NULL, NULL, NULL, NULL, NULL, NULL, '1', 0);
INSERT INTO aa10(AAA100, AAA102, AAA103, AAE030, AAE031, AAZ093, AAZ094, AAA104, AAA101, AAA105, aaa106, aaa107, aae011, aae036, yxbz, paixu) VALUES('LWJG', '4', '其他省市', 199405, NULL, '2018051211354733816484113', '2018051211354639298976342', NULL, NULL, NULL, NULL, NULL, NULL, NULL, '1', 0);
INSERT INTO aa10(AAA100, AAA102, AAA103, AAE030, AAE031, AAZ093, AAZ094, AAA104, AAA101, AAA105, aaa106, aaa107, aae011, aae036, yxbz, paixu) VALUES('LWJG', '5', '下级单位', 199405, NULL, '2018051211354778397111947', '2018051211354639298976342', NULL, NULL, NULL, NULL, NULL, NULL, NULL, '1', 0);
INSERT INTO aa10(AAA100, AAA102, AAA103, AAE030, AAE031, AAZ093, AAZ094, AAA104, AAA101, AAA105, aaa106, aaa107, aae011, aae036, yxbz, paixu) VALUES('LWJG', '10', '报局', 199405, NULL, '2018051211354786092654043', '2018051211354639298976342', NULL, NULL, NULL, NULL, NULL, NULL, NULL, '1', 0);
INSERT INTO aa10(AAA100, AAA102, AAA103, AAE030, AAE031, AAZ093, AAZ094, AAA104, AAA101, AAA105, aaa106, aaa107, aae011, aae036, yxbz, paixu) VALUES('LWJG', '6', '共文科', 199405, NULL, '2018051211354790536110466', '2018051211354639298976342', NULL, NULL, NULL, NULL, NULL, NULL, NULL, '1', 0);
INSERT INTO aa10(AAA100, AAA102, AAA103, AAE030, AAE031, AAZ093, AAZ094, AAA104, AAA101, AAA105, aaa106, aaa107, aae011, aae036, yxbz, paixu) VALUES('LWJG', '3', '市平级', 199405, NULL, '2018051211354796895103898', '2018051211354639298976342', NULL, NULL, NULL, NULL, NULL, NULL, NULL, '1', 0);


INSERT INTO aa09(AAA100, AAA101, AAA104, AAZ094) VALUES('TASKTYPE', '任务形式', '1', '2018051715190131444337993');
INSERT INTO aa10(AAA100, AAA102, AAA103, AAE030, AAE031, AAZ093, AAZ094, AAA104, AAA101, AAA105, aaa106, aaa107, aae011, aae036, yxbz, paixu) VALUES('TASKTYPE', '0', '证明材料不能证明异议内容的', 199405, NULL, '2018051715190191799530844', '2018051715190131444337993', NULL, NULL, NULL, NULL, NULL, NULL, NULL, '1', 0);
INSERT INTO aa10(AAA100, AAA102, AAA103, AAE030, AAE031, AAZ093, AAZ094, AAA104, AAA101, AAA105, aaa106, aaa107, aae011, aae036, yxbz, paixu) VALUES('TASKTYPE', '1', '未按规定时限提交相关证明材料的', 199405, NULL, '2018051715190264664643318', '2018051715190131444337993', NULL, NULL, NULL, NULL, NULL, NULL, NULL, '1', 0);

INSERT INTO aa09(AAA100, AAA101, AAA104, AAZ094) VALUES('JYJCXMLX', '检验检测项目类型', '1', '2018072415140913472919644');
INSERT INTO aa10(AAA100, AAA102, AAA103, AAE030, AAE031, AAZ093, AAZ094, AAA104, AAA101, AAA105, aaa106, aaa107, aae011, aae036, yxbz, paixu)
VALUES('JYJCXMLX', '1', '通用项目', 199405, NULL, '2018072415140967470798890', '2018072415140913472919644', NULL, NULL, NULL, NULL, NULL, NULL, NULL, '1', 0);
INSERT INTO aa10(AAA100, AAA102, AAA103, AAE030, AAE031, AAZ093, AAZ094, AAA104, AAA101, AAA105, aaa106, aaa107, aae011, aae036, yxbz, paixu)
VALUES('JYJCXMLX', '2', '快检项目', 199405, NULL, '2018072415141096935238593', '2018072415140913472919644', NULL, NULL, NULL, NULL, NULL, NULL, NULL, '1', 0);

call PRC_INSERTCODE('PESTICIDEZL','农药种类','1','1','药物','199405',null,@P_CODE,@P_MSG);
call PRC_INSERTCODE('PESTICIDEZL','农药种类','1','2','肥料','199405',null,@P_CODE,@P_MSG);
call PRC_INSERTCODE('PESTICIDEZL','农药种类','1','3','针剂','199405',null,@P_CODE,@P_MSG);