-- 量化分级评级参数表
delete from bschecklhfjpjcs;
INSERT INTO bschecklhfjpjcs(bschecklhfjpjcsid, lhfjpdlx, lhfjpddj, lhfjpdqsf, lhfjpdjsf, lhfjpdksrq, lhfjpdjsrq, aae011, aae036, aae013, lhfjpdndyjccs, dengjicskind) VALUES
('2017022009550272133720919', '0', '0', 0.00, 5.90, '2009-02-01 10:17:03', '2099-02-20 10:17:23', 'sys', '2017-02-20 10:17:40', NULL, 4, '11');
INSERT INTO bschecklhfjpjcs(bschecklhfjpjcsid, lhfjpdlx, lhfjpddj, lhfjpdqsf, lhfjpdjsf, lhfjpdksrq, lhfjpdjsrq, aae011, aae036, aae013, lhfjpdndyjccs, dengjicskind) VALUES
('2017022009550272133720920', '0', 'C', 6.00, 7.40, '2009-02-01 10:17:03', '2099-02-20 10:17:23', 'sys', '2017-02-20 10:19:24', NULL, 3, '11');
INSERT INTO bschecklhfjpjcs(bschecklhfjpjcsid, lhfjpdlx, lhfjpddj, lhfjpdqsf, lhfjpdjsf, lhfjpdksrq, lhfjpdjsrq, aae011, aae036, aae013, lhfjpdndyjccs, dengjicskind) VALUES
('2017022009550272133720921', '0', 'B', 7.50, 8.90, '2009-02-01 10:17:03', '2099-02-20 10:17:23', 'sys', '2017-02-20 10:21:24', NULL, 2, '11');
INSERT INTO bschecklhfjpjcs(bschecklhfjpjcsid, lhfjpdlx, lhfjpddj, lhfjpdqsf, lhfjpdjsf, lhfjpdksrq, lhfjpdjsrq, aae011, aae036, aae013, lhfjpdndyjccs, dengjicskind) VALUES
('2017022009550272133720922', '0', 'A', 9.00, 100.00, '2009-02-01 10:17:03', '2099-02-20 10:17:23', 'sys', '2017-02-20 10:21:24', NULL, 1, '11');
INSERT INTO bschecklhfjpjcs(bschecklhfjpjcsid, lhfjpdlx, lhfjpddj, lhfjpdqsf, lhfjpdjsf, lhfjpdksrq, lhfjpdjsrq, aae011, aae036, aae013, lhfjpdndyjccs, dengjicskind) VALUES
('2017022009550272133720923', '1', '0', 0.00, 5.90, '2009-02-01 10:17:03', '2099-02-20 10:17:23', 'sys', '2017-02-20 10:38:53', NULL, 4, '21');
INSERT INTO bschecklhfjpjcs(bschecklhfjpjcsid, lhfjpdlx, lhfjpddj, lhfjpdqsf, lhfjpdjsf, lhfjpdksrq, lhfjpdjsrq, aae011, aae036, aae013, lhfjpdndyjccs, dengjicskind) VALUES
('2017022009550272133720924', '1', 'C', 6.00, 7.40, '2009-02-01 10:17:03', '2099-02-20 10:17:23', 'sys', '2017-02-20 10:38:53', NULL, 3, '21');
INSERT INTO bschecklhfjpjcs(bschecklhfjpjcsid, lhfjpdlx, lhfjpddj, lhfjpdqsf, lhfjpdjsf, lhfjpdksrq, lhfjpdjsrq, aae011, aae036, aae013, lhfjpdndyjccs, dengjicskind) VALUES
('2017022009550272133720925', '1', 'B', 7.50, 8.90, '2009-02-01 10:17:03', '2099-02-20 10:17:23', 'sys', '2017-02-20 10:41:50', NULL, 2, '21');
INSERT INTO bschecklhfjpjcs(bschecklhfjpjcsid, lhfjpdlx, lhfjpddj, lhfjpdqsf, lhfjpdjsf, lhfjpdksrq, lhfjpdjsrq, aae011, aae036, aae013, lhfjpdndyjccs, dengjicskind) VALUES
('2017022009550272133720926', '1', 'A', 9.00, 100.00, '2009-02-01 10:17:03', '2099-02-20 10:17:23', 'sys', '2017-02-20 10:43:16', NULL, 1, '21');
INSERT INTO bschecklhfjpjcs(bschecklhfjpjcsid, lhfjpdlx, lhfjpddj, lhfjpdqsf, lhfjpdjsf, lhfjpdksrq, lhfjpdjsrq, aae011, aae036, aae013, lhfjpdndyjccs, dengjicskind) VALUES
('2018032914010446488746019', '1', '1', 0.00, 30.00, '2009-02-01 10:17:03', '2099-02-20 10:17:23', 'sys', '2018-03-29 14:02:49', NULL, 1, '22');
INSERT INTO bschecklhfjpjcs(bschecklhfjpjcsid, lhfjpdlx, lhfjpddj, lhfjpdqsf, lhfjpdjsf, lhfjpdksrq, lhfjpdjsrq, aae011, aae036, aae013, lhfjpdndyjccs, dengjicskind) VALUES
('2018032914010446488746020', '1', '2', 31.00, 45.00, '2009-02-01 10:17:03', '2099-02-20 10:17:23', 'sys', '2018-03-29 14:02:49', NULL, 2, '22');
INSERT INTO bschecklhfjpjcs(bschecklhfjpjcsid, lhfjpdlx, lhfjpddj, lhfjpdqsf, lhfjpdjsf, lhfjpdksrq, lhfjpdjsrq, aae011, aae036, aae013, lhfjpdndyjccs, dengjicskind) VALUES
('2018032914010446488746021', '1', '3', 46.00, 60.00, '2009-02-01 10:17:03', '2099-02-20 10:17:23', 'sys', '2018-03-29 14:02:49', NULL, 3, '22');
INSERT INTO bschecklhfjpjcs(bschecklhfjpjcsid, lhfjpdlx, lhfjpddj, lhfjpdqsf, lhfjpdjsf, lhfjpdksrq, lhfjpdjsrq, aae011, aae036, aae013, lhfjpdndyjccs, dengjicskind) VALUES
('2018032914010446488746022', '1', '4', 61.00, 100.00, '2009-02-01 10:17:03', '2099-02-20 10:17:23', 'sys', '2018-03-29 14:02:49', NULL, 4, '22');


INSERT INTO bscheckplan(planid, plancode, plantitle, planchecktype, plantype, plantypearea, planstdate, planeddate, plancontent, planremark, planoperatedate, planoperator, lhfjndpddj) VALUES
('2018032917155363292834815', 'foodxsdtlh', '食品销售环节动态风险因素量化分值表【系统内置，不要删】', '5', 1, '30965,30966,2017030917355914194400249,', '2018-01-01 00:00:00', '2099-01-01 00:00:00', '', '', NULL, '2017120409312189485870477', '');
INSERT INTO bscheckplan(planid, plancode, plantitle, planchecktype, plantype, plantypearea, planstdate, planeddate, plancontent, planremark, planoperatedate, planoperator, lhfjndpddj) VALUES
('2018041217155363292834818', 'spxs_jtfxlh', '食品销售企业静态风险因素量化分值表【系统内置，不要删】', '5', 1, '30965,30966,2017030917355914194400249,', '2018-01-01 00:00:00', '2099-01-01 00:00:00', '', '', NULL, '2017120409312189485870477', '');
INSERT INTO bscheckplan(planid, plancode, plantitle, planchecktype, plantype, plantypearea, planstdate, planeddate, plancontent, planremark, planoperatedate, planoperator, lhfjndpddj) VALUES
('2018041217155363292834898', 'sptjj_jtfxlh', '食品、食品添加剂生产者静态风险因素量化分值表【系统内置，不要删】', '7', 1, '30973,30636,2017030817355955977378278,', '2018-01-01 00:00:00', '2099-01-01 00:00:00', '', '', NULL, '2017120409312189485870477', '');
INSERT INTO bscheckplan(planid, plancode, plantitle, planchecktype, plantype, plantypearea, planstdate, planeddate, plancontent, planremark, planoperatedate, planoperator, lhfjndpddj) VALUES
('2018041412144320967916418', 'spcyfw_jtfxlh', '餐饮服务提供者静态风险因素量化分值表【系统内置，不要删】', '8', 1, '30973,30636,2017030817355955977378278,', '2018-01-01 00:00:00', '2099-01-01 00:00:00', '', '', NULL, '2017120409312189485870477', '');
INSERT INTO bscheckplan(planid, plancode, plantitle, planchecktype, plantype, plantypearea, planstdate, planeddate, plancontent, planremark, planoperatedate, planoperator, lhfjndpddj) VALUES
('2018041418144823536038600', 'spcyfw_nddjpd', '餐饮服务食品安全监督年度等级评定表【系统内置，不要删】', '9', 1, '', '2018-01-01 00:00:00', '2099-01-01 00:00:00', '', '', NULL, '2017120409312189485870477', '');
INSERT INTO bscheckplan(planid, plancode, plantitle, planchecktype, plantype, plantypearea, planstdate, planeddate, plancontent, planremark, planoperatedate, planoperator, lhfjndpddj) VALUES
('2018041513002833245981700', 'spscjy_fxdjqdb', '食品生产经营者风险等级确定表【系统内置，不要删】', '10', 1, '', '2018-01-01 00:00:00', '2099-01-01 00:00:00', '', '', NULL, '2017120409312189485870477', '');
INSERT INTO bscheckplan(planid, plancode, plantitle, planchecktype, plantype, plantypearea, planstdate, planeddate, plancontent, planremark, planoperatedate, planoperator, lhfjndpddj,plancontrol,planmobankind) VALUES
('2018041918300310017014956', 'spcyfw_jddtpdb', '餐饮服务食品安全监督动态评定表【系统内置，不要删】', '11', 1, '', '2018-01-01 00:00:00', '2099-01-01 00:00:00', '', '', NULL, '2017120409312189485870477', '','1','');
INSERT INTO bscheckplan(planid, plancode, plantitle, planchecktype, plantype, plantypearea, planstdate, planeddate, plancontent, planremark, planoperatedate, planoperator, lhfjndpddj,plancontrol,planmobankind) VALUES
('2018041918300310017014958', 'spsc_dtfxyspdb', '食品生产者动态风险因素评定表【系统内置，不要删】', '12', 1, '', '2018-01-01 00:00:00', '2099-01-01 00:00:00', '', '', NULL, '2017120409312189485870477', '','1','');


INSERT INTO bscheckpicset(picid, planid, itemid, contentid, picoperator, picoperatedate) VALUES
('2018040813562954587791087', '2018032917155363292834815', '2017110809591523165225071', '2017110809591524460749776', '2017120409312189485870477', '2018-04-08 00:00:00');
INSERT INTO bscheckpicset(picid, planid, itemid, contentid, picoperator, picoperatedate) VALUES
('2018040813562994462995560', '2018032917155363292834815', '2017110809591523165225071', '2017110809591523910972360', '2017120409312189485870477', '2018-04-08 00:00:00');
INSERT INTO bscheckpicset(picid, planid, itemid, contentid, picoperator, picoperatedate) VALUES
('2018040813562994953309780', '2018032917155363292834815', '2017110809591524734363390', '2017110809591525458603325', '2017120409312189485870477', '2018-04-08 00:00:00');
INSERT INTO bscheckpicset(picid, planid, itemid, contentid, picoperator, picoperatedate) VALUES
('2018040813562995537818030', '2018032917155363292834815', '2017110809591524734363390', '2017110809591525926525429', '2017120409312189485870477', '2018-04-08 00:00:00');
INSERT INTO bscheckpicset(picid, planid, itemid, contentid, picoperator, picoperatedate) VALUES
('2018040813562996349585436', '2018032917155363292834815', '2017110809591524734363390', '2017110809591524965100451', '2017120409312189485870477', '2018-04-08 00:00:00');
INSERT INTO bscheckpicset(picid, planid, itemid, contentid, picoperator, picoperatedate) VALUES
('2018040813562996755140203', '2018032917155363292834815', '2017110809591526158590977', '2017110809591528750835479', '2017120409312189485870477', '2018-04-08 00:00:00');
INSERT INTO bscheckpicset(picid, planid, itemid, contentid, picoperator, picoperatedate) VALUES
('2018040813562999114861388', '2018032917155363292834815', '2017110809591526158590977', '2017110809591530277372204', '2017120409312189485870477', '2018-04-08 00:00:00');
INSERT INTO bscheckpicset(picid, planid, itemid, contentid, picoperator, picoperatedate) VALUES
('2018040813562999377364645', '2018032917155363292834815', '2017110809591526158590977', '2017110809591527649069174', '2017120409312189485870477', '2018-04-08 00:00:00');
INSERT INTO bscheckpicset(picid, planid, itemid, contentid, picoperator, picoperatedate) VALUES
('2018040813563000039952443', '2018032917155363292834815', '2017110809591526158590977', '2017110809591529295471061', '2017120409312189485870477', '2018-04-08 00:00:00');
INSERT INTO bscheckpicset(picid, planid, itemid, contentid, picoperator, picoperatedate) VALUES
('2018040813563000430669847', '2018032917155363292834815', '2017110809591526158590977', '2017110809591526436600077', '2017120409312189485870477', '2018-04-08 00:00:00');
INSERT INTO bscheckpicset(picid, planid, itemid, contentid, picoperator, picoperatedate) VALUES
('2018040813563000863723444', '2018032917155363292834815', '2017110809591526158590977', '2017110809591531939371678', '2017120409312189485870477', '2018-04-08 00:00:00');
INSERT INTO bscheckpicset(picid, planid, itemid, contentid, picoperator, picoperatedate) VALUES
('2018040813563004218018819', '2018032917155363292834815', '2017110809591526158590977', '2017110809591530879724465', '2017120409312189485870477', '2018-04-08 00:00:00');
INSERT INTO bscheckpicset(picid, planid, itemid, contentid, picoperator, picoperatedate) VALUES
('2018040813563007259209370', '2018032917155363292834815', '2017110809591526158590977', '2017110809591529651002585', '2017120409312189485870477', '2018-04-08 00:00:00');
INSERT INTO bscheckpicset(picid, planid, itemid, contentid, picoperator, picoperatedate) VALUES
('2018040813563007783909600', '2018032917155363292834815', '2017110809591526158590977', '2017110809591528271882534', '2017120409312189485870477', '2018-04-08 00:00:00');
INSERT INTO bscheckpicset(picid, planid, itemid, contentid, picoperator, picoperatedate) VALUES
('2018040813563008677269638', '2018032917155363292834815', '2017110809591526158590977', '2017110809591527073613539', '2017120409312189485870477', '2018-04-08 00:00:00');
INSERT INTO bscheckpicset(picid, planid, itemid, contentid, picoperator, picoperatedate) VALUES
('2018040813563009862321805', '2018032917155363292834815', '2017110809591526158590977', '2017110809591531389727730', '2017120409312189485870477', '2018-04-08 00:00:00');
INSERT INTO bscheckpicset(picid, planid, itemid, contentid, picoperator, picoperatedate) VALUES
('2018040813563019271475071', '2018032917155363292834815', '2017110809591532194954119', '2017110809591532882876047', '2017120409312189485870477', '2018-04-08 00:00:00');
INSERT INTO bscheckpicset(picid, planid, itemid, contentid, picoperator, picoperatedate) VALUES
('2018040813563019888322550', '2018032917155363292834815', '2017110809591532194954119', '2017110809591533448608304', '2017120409312189485870477', '2018-04-08 00:00:00');
INSERT INTO bscheckpicset(picid, planid, itemid, contentid, picoperator, picoperatedate) VALUES
('2018040813563020332974216', '2018032917155363292834815', '2017110809591532194954119', '2017110809591532461209366', '2017120409312189485870477', '2018-04-08 00:00:00');
INSERT INTO bscheckpicset(picid, planid, itemid, contentid, picoperator, picoperatedate) VALUES
('2018040813563021071150737', '2018032917155363292834815', '2017110809591533729420104', '2017110809591533974660534', '2017120409312189485870477', '2018-04-08 00:00:00');
INSERT INTO bscheckpicset(picid, planid, itemid, contentid, picoperator, picoperatedate) VALUES
('2018040813563026119337366', '2018032917155363292834815', '2017110809591533729420104', '2017110809591535266699089', '2017120409312189485870477', '2018-04-08 00:00:00');
INSERT INTO bscheckpicset(picid, planid, itemid, contentid, picoperator, picoperatedate) VALUES
('2018040813563027228265906', '2018032917155363292834815', '2017110809591533729420104', '2017110809591535848468750', '2017120409312189485870477', '2018-04-08 00:00:00');
INSERT INTO bscheckpicset(picid, planid, itemid, contentid, picoperator, picoperatedate) VALUES
('2018040813563029256827369', '2018032917155363292834815', '2017110809591533729420104', '2017110809591534521589475', '2017120409312189485870477', '2018-04-08 00:00:00');
INSERT INTO bscheckpicset(picid, planid, itemid, contentid, picoperator, picoperatedate) VALUES
('2018040813563029773301555', '2018032917155363292834815', '2017110809591536339758470', '2017110809591539262008616', '2017120409312189485870477', '2018-04-08 00:00:00');
INSERT INTO bscheckpicset(picid, planid, itemid, contentid, picoperator, picoperatedate) VALUES
('2018040813563030655601220', '2018032917155363292834815', '2017110809591536339758470', '2017110809591537493422135', '2017120409312189485870477', '2018-04-08 00:00:00');
INSERT INTO bscheckpicset(picid, planid, itemid, contentid, picoperator, picoperatedate) VALUES
('2018040813563031298141331', '2018032917155363292834815', '2017110809591536339758470', '2017110809591541816085720', '2017120409312189485870477', '2018-04-08 00:00:00');
INSERT INTO bscheckpicset(picid, planid, itemid, contentid, picoperator, picoperatedate) VALUES
('2018040813563036854684180', '2018032917155363292834815', '2017110809591536339758470', '2017110809591544647403580', '2017120409312189485870477', '2018-04-08 00:00:00');
INSERT INTO bscheckpicset(picid, planid, itemid, contentid, picoperator, picoperatedate) VALUES
('2018040813563037289875778', '2018032917155363292834815', '2017110809591536339758470', '2017110809591540087436494', '2017120409312189485870477', '2018-04-08 00:00:00');
INSERT INTO bscheckpicset(picid, planid, itemid, contentid, picoperator, picoperatedate) VALUES
('2018040813563038514156497', '2018032917155363292834815', '2017110809591536339758470', '2017110809591542761857936', '2017120409312189485870477', '2018-04-08 00:00:00');
INSERT INTO bscheckpicset(picid, planid, itemid, contentid, picoperator, picoperatedate) VALUES
('2018040813563041996974213', '2018032917155363292834815', '2017110809591536339758470', '2017110809591538479531343', '2017120409312189485870477', '2018-04-08 00:00:00');
INSERT INTO bscheckpicset(picid, planid, itemid, contentid, picoperator, picoperatedate) VALUES
('2018040813563042514589591', '2018032917155363292834815', '2017110809591536339758470', '2017110809591545644288393', '2017120409312189485870477', '2018-04-08 00:00:00');
INSERT INTO bscheckpicset(picid, planid, itemid, contentid, picoperator, picoperatedate) VALUES
('2018040813563046089962765', '2018032917155363292834815', '2017110809591536339758470', '2017110809591536694154100', '2017120409312189485870477', '2018-04-08 00:00:00');
INSERT INTO bscheckpicset(picid, planid, itemid, contentid, picoperator, picoperatedate) VALUES
('2018040813563052991803014', '2018032917155363292834815', '2017110809591536339758470', '2017110809591540828528388', '2017120409312189485870477', '2018-04-08 00:00:00');
INSERT INTO bscheckpicset(picid, planid, itemid, contentid, picoperator, picoperatedate) VALUES
('2018040813563076036366482', '2018032917155363292834815', '2017110809591536339758470', '2017110809591543942532900', '2017120409312189485870477', '2018-04-08 00:00:00');
INSERT INTO bscheckpicset(picid, planid, itemid, contentid, picoperator, picoperatedate) VALUES
('2018040813563076463007181', '2018032917155363292834815', '2017110809591546395895193', '2017110809591547421890322', '2017120409312189485870477', '2018-04-08 00:00:00');
INSERT INTO bscheckpicset(picid, planid, itemid, contentid, picoperator, picoperatedate) VALUES
('2018040813563076784252896', '2018032917155363292834815', '2017110809591546395895193', '2017110809591546630423951', '2017120409312189485870477', '2018-04-08 00:00:00');
INSERT INTO bscheckpicset(picid, planid, itemid, contentid, picoperator, picoperatedate) VALUES
('2018040813563078071243433', '2018032917155363292834815', '2017110809591548119618098', '2017110809591548485650999', '2017120409312189485870477', '2018-04-08 00:00:00');
INSERT INTO bscheckpicset(picid, planid, itemid, contentid, picoperator, picoperatedate) VALUES
('2018040813563080151633120', '2018032917155363292834815', '2017110809591548119618098', '2017110809591549214959430', '2017120409312189485870477', '2018-04-08 00:00:00');
INSERT INTO bscheckpicset(picid, planid, itemid, contentid, picoperator, picoperatedate) VALUES
('2018040813563080644619600', '2018032917155363292834815', '2017110809591549852088415', '2017110809591551942474439', '2017120409312189485870477', '2018-04-08 00:00:00');
INSERT INTO bscheckpicset(picid, planid, itemid, contentid, picoperator, picoperatedate) VALUES
('2018040813563081471243092', '2018032917155363292834815', '2017110809591549852088415', '2017110809591550059318336', '2017120409312189485870477', '2018-04-08 00:00:00');
INSERT INTO bscheckpicset(picid, planid, itemid, contentid, picoperator, picoperatedate) VALUES
('2018040813563081939190843', '2018032917155363292834815', '2017110809591549852088415', '2017110809591550970927495', '2017120409312189485870477', '2018-04-08 00:00:00');
INSERT INTO bscheckpicset(picid, planid, itemid, contentid, picoperator, picoperatedate) VALUES
('2018040813563082616110386', '2018032917155363292834815', '2017110809591552594910980', '2017110809591552766570975', '2017120409312189485870477', '2018-04-08 00:00:00');
INSERT INTO bscheckpicset(picid, planid, itemid, contentid, picoperator, picoperatedate) VALUES
('2018040813563085196745030', '2018032917155363292834815', '2017110809591552594910980', '2017110809591553684299450', '2017120409312189485870477', '2018-04-08 00:00:00');
INSERT INTO bscheckpicset(picid, planid, itemid, contentid, picoperator, picoperatedate) VALUES
('2018040813563085654529219', '2018032917155363292834815', '2017110809591554120974954', '2017110809591565555190395', '2017120409312189485870477', '2018-04-08 00:00:00');
INSERT INTO bscheckpicset(picid, planid, itemid, contentid, picoperator, picoperatedate) VALUES
('2018040813563086430467577', '2018032917155363292834815', '2017110809591554120974954', '2017110809591572245487286', '2017120409312189485870477', '2018-04-08 00:00:00');
INSERT INTO bscheckpicset(picid, planid, itemid, contentid, picoperator, picoperatedate) VALUES
('2018040813563087022019236', '2018032917155363292834815', '2017110809591554120974954', '2017110809591569669645942', '2017120409312189485870477', '2018-04-08 00:00:00');
INSERT INTO bscheckpicset(picid, planid, itemid, contentid, picoperator, picoperatedate) VALUES
('2018040813563087581619355', '2018032917155363292834815', '2017110809591554120974954', '2017110809591554479342822', '2017120409312189485870477', '2018-04-08 00:00:00');
INSERT INTO bscheckpicset(picid, planid, itemid, contentid, picoperator, picoperatedate) VALUES
('2018040813563089180144327', '2018032917155363292834815', '2017110809591554120974954', '2017110809591567878101901', '2017120409312189485870477', '2018-04-08 00:00:00');
INSERT INTO bscheckpicset(picid, planid, itemid, contentid, picoperator, picoperatedate) VALUES
('2018040813563089660516370', '2018032917155363292834815', '2017110809591554120974954', '2017110809591573185103920', '2017120409312189485870477', '2018-04-08 00:00:00');
INSERT INTO bscheckpicset(picid, planid, itemid, contentid, picoperator, picoperatedate) VALUES
('2018040813563092580708207', '2018032917155363292834815', '2017110809591554120974954', '2017110809591556276931855', '2017120409312189485870477', '2018-04-08 00:00:00');
INSERT INTO bscheckpicset(picid, planid, itemid, contentid, picoperator, picoperatedate) VALUES
('2018040813563093314605600', '2018032917155363292834815', '2017110809591554120974954', '2017110809591570494520630', '2017120409312189485870477', '2018-04-08 00:00:00');
INSERT INTO bscheckpicset(picid, planid, itemid, contentid, picoperator, picoperatedate) VALUES
('2018040813563093733479800', '2018032917155363292834815', '2017110809591554120974954', '2017110809591571511159142', '2017120409312189485870477', '2018-04-08 00:00:00');
INSERT INTO bscheckpicset(picid, planid, itemid, contentid, picoperator, picoperatedate) VALUES
('2018040813563094998585050', '2018032917155363292834815', '2017110809591554120974954', '2017110809591568622026170', '2017120409312189485870477', '2018-04-08 00:00:00');


INSERT INTO bscheckpicset(picid, planid, itemid, contentid, picoperator, picoperatedate) VALUES
('2018041217392687749622789', '2018041217155363292834898', '2018041015463408187444164', '2018041017030065698733559', '2017120409312189485870477', '2018-04-12 00:00:00');
INSERT INTO bscheckpicset(picid, planid, itemid, contentid, picoperator, picoperatedate) VALUES
('2018041217392693424458313', '2018041217155363292834898', '2018041015463408187444164', '2018041017004245349288483', '2017120409312189485870477', '2018-04-12 00:00:00');
INSERT INTO bscheckpicset(picid, planid, itemid, contentid, picoperator, picoperatedate) VALUES
('2018041217392693830330574', '2018041217155363292834898', '2018041015463408187444164', '2018041017042214048047087', '2017120409312189485870477', '2018-04-12 00:00:00');
INSERT INTO bscheckpicset(picid, planid, itemid, contentid, picoperator, picoperatedate) VALUES
('2018041217392694338260910', '2018041217155363292834898', '2018041015463408187444164', '2018041017020632056204683', '2017120409312189485870477', '2018-04-12 00:00:00');
INSERT INTO bscheckpicset(picid, planid, itemid, contentid, picoperator, picoperatedate) VALUES
('2018041217392695036714603', '2018041217155363292834898', '2018041015471362640864119', '2018041017080460088778086', '2017120409312189485870477', '2018-04-12 00:00:00');
INSERT INTO bscheckpicset(picid, planid, itemid, contentid, picoperator, picoperatedate) VALUES
('2018041217392696043590258', '2018041217155363292834898', '2018041015471362640864119', '2018041017070697124175737', '2017120409312189485870477', '2018-04-12 00:00:00');
INSERT INTO bscheckpicset(picid, planid, itemid, contentid, picoperator, picoperatedate) VALUES
('2018041217392697098515848', '2018041217155363292834898', '2018041015471362640864119', '2018041017061451867063409', '2017120409312189485870477', '2018-04-12 00:00:00');
INSERT INTO bscheckpicset(picid, planid, itemid, contentid, picoperator, picoperatedate) VALUES
('2018041217392698834488266', '2018041217155363292834898', '2018041017091116937651701', '2018041017182549565495823', '2017120409312189485870477', '2018-04-12 00:00:00');
INSERT INTO bscheckpicset(picid, planid, itemid, contentid, picoperator, picoperatedate) VALUES
('2018041217392699266675802', '2018041217155363292834898', '2018041017091116937651701', '2018041017161571533943248', '2017120409312189485870477', '2018-04-12 00:00:00');
INSERT INTO bscheckpicset(picid, planid, itemid, contentid, picoperator, picoperatedate) VALUES
('2018041217392700125970883', '2018041217155363292834898', '2018041017091116937651701', '2018041017211180373183788', '2017120409312189485870477', '2018-04-12 00:00:00');
INSERT INTO bscheckpicset(picid, planid, itemid, contentid, picoperator, picoperatedate) VALUES
('2018041217392701734912692', '2018041217155363292834898', '2018041017091116937651701', '2018041017141285217782524', '2017120409312189485870477', '2018-04-12 00:00:00');
INSERT INTO bscheckpicset(picid, planid, itemid, contentid, picoperator, picoperatedate) VALUES
('2018041217392703560127010', '2018041217155363292834898', '2018041017091116937651701', '2018041017190939692045473', '2017120409312189485870477', '2018-04-12 00:00:00');
INSERT INTO bscheckpicset(picid, planid, itemid, contentid, picoperator, picoperatedate) VALUES
('2018041217392705713363279', '2018041217155363292834898', '2018041017091116937651701', '2018041017165340020339360', '2017120409312189485870477', '2018-04-12 00:00:00');
INSERT INTO bscheckpicset(picid, planid, itemid, contentid, picoperator, picoperatedate) VALUES
('2018041217392707039539164', '2018041217155363292834898', '2018041017091116937651701', '2018041017151370018107439', '2017120409312189485870477', '2018-04-12 00:00:00');
INSERT INTO bscheckpicset(picid, planid, itemid, contentid, picoperator, picoperatedate) VALUES
('2018041217392708070537720', '2018041217155363292834898', '2018041017091116937651701', '2018041017203428386226676', '2017120409312189485870477', '2018-04-12 00:00:00');
INSERT INTO bscheckpicset(picid, planid, itemid, contentid, picoperator, picoperatedate) VALUES
('2018041217392708763315722', '2018041217155363292834898', '2018041017100862157572945', '2018041017231045121063916', '2017120409312189485870477', '2018-04-12 00:00:00');
INSERT INTO bscheckpicset(picid, planid, itemid, contentid, picoperator, picoperatedate) VALUES
('2018041217392710099195720', '2018041217155363292834898', '2018041017100862157572945', '2018041017282917339467810', '2017120409312189485870477', '2018-04-12 00:00:00');
INSERT INTO bscheckpicset(picid, planid, itemid, contentid, picoperator, picoperatedate) VALUES
('2018041217392710513895627', '2018041217155363292834898', '2018041017100862157572945', '2018041017241485013162149', '2017120409312189485870477', '2018-04-12 00:00:00');
INSERT INTO bscheckpicset(picid, planid, itemid, contentid, picoperator, picoperatedate) VALUES
('2018041217392711764567400', '2018041217155363292834898', '2018041017100862157572945', '2018041017222074128211074', '2017120409312189485870477', '2018-04-12 00:00:00');
INSERT INTO bscheckpicset(picid, planid, itemid, contentid, picoperator, picoperatedate) VALUES
('2018041217392712832949589', '2018041217155363292834898', '2018041017100862157572945', '2018041017294630683132536', '2017120409312189485870477', '2018-04-12 00:00:00');
INSERT INTO bscheckpicset(picid, planid, itemid, contentid, picoperator, picoperatedate) VALUES
('2018041217392714318306550', '2018041217155363292834898', '2018041017100862157572945', '2018041017252858596093990', '2017120409312189485870477', '2018-04-12 00:00:00');
INSERT INTO bscheckpicset(picid, planid, itemid, contentid, picoperator, picoperatedate) VALUES
('2018041217392716036699888', '2018041217155363292834898', '2018041017103677660975962', '2018041017323186551707941', '2017120409312189485870477', '2018-04-12 00:00:00');
INSERT INTO bscheckpicset(picid, planid, itemid, contentid, picoperator, picoperatedate) VALUES
('2018041217392716790483153', '2018041217155363292834898', '2018041017103677660975962', '2018041017341606840489952', '2017120409312189485870477', '2018-04-12 00:00:00');
INSERT INTO bscheckpicset(picid, planid, itemid, contentid, picoperator, picoperatedate) VALUES
('2018041217392718553272610', '2018041217155363292834898', '2018041017103677660975962', '2018041017304533481784518', '2017120409312189485870477', '2018-04-12 00:00:00');
INSERT INTO bscheckpicset(picid, planid, itemid, contentid, picoperator, picoperatedate) VALUES
('2018041217392720243710919', '2018041217155363292834898', '2018041017103677660975962', '2018041017325960471273779', '2017120409312189485870477', '2018-04-12 00:00:00');
INSERT INTO bscheckpicset(picid, planid, itemid, contentid, picoperator, picoperatedate) VALUES
('2018041217392721167956061', '2018041217155363292834898', '2018041017103677660975962', '2018041017350911451399826', '2017120409312189485870477', '2018-04-12 00:00:00');
INSERT INTO bscheckpicset(picid, planid, itemid, contentid, picoperator, picoperatedate) VALUES
('2018041217392722495972485', '2018041217155363292834898', '2018041017103677660975962', '2018041017315182418791236', '2017120409312189485870477', '2018-04-12 00:00:00');
INSERT INTO bscheckpicset(picid, planid, itemid, contentid, picoperator, picoperatedate) VALUES
('2018041217392723431631181', '2018041217155363292834898', '2018041017110526772843772', '2018041017402342068557214', '2017120409312189485870477', '2018-04-12 00:00:00');
INSERT INTO bscheckpicset(picid, planid, itemid, contentid, picoperator, picoperatedate) VALUES
('2018041217392724288933838', '2018041217155363292834898', '2018041017110526772843772', '2018041017371225429169951', '2017120409312189485870477', '2018-04-12 00:00:00');
INSERT INTO bscheckpicset(picid, planid, itemid, contentid, picoperator, picoperatedate) VALUES
('2018041217392725367985969', '2018041217155363292834898', '2018041017110526772843772', '2018041109055225370576160', '2017120409312189485870477', '2018-04-12 00:00:00');
INSERT INTO bscheckpicset(picid, planid, itemid, contentid, picoperator, picoperatedate) VALUES
('2018041217392725982967065', '2018041217155363292834898', '2018041017110526772843772', '2018041017412023746162078', '2017120409312189485870477', '2018-04-12 00:00:00');
INSERT INTO bscheckpicset(picid, planid, itemid, contentid, picoperator, picoperatedate) VALUES
('2018041217392726633395639', '2018041217155363292834898', '2018041017110526772843772', '2018041017391028884123334', '2017120409312189485870477', '2018-04-12 00:00:00');
INSERT INTO bscheckpicset(picid, planid, itemid, contentid, picoperator, picoperatedate) VALUES
('2018041217392728123311665', '2018041217155363292834898', '2018041017110526772843772', '2018041017362765417306541', '2017120409312189485870477', '2018-04-12 00:00:00');
INSERT INTO bscheckpicset(picid, planid, itemid, contentid, picoperator, picoperatedate) VALUES
('2018041217392729097852705', '2018041217155363292834898', '2018041017110526772843772', '2018041109050799564420306', '2017120409312189485870477', '2018-04-12 00:00:00');
INSERT INTO bscheckpicset(picid, planid, itemid, contentid, picoperator, picoperatedate) VALUES
('2018041217392733022221019', '2018041217155363292834898', '2018041109065198264073722', '2018041109082070239356706', '2017120409312189485870477', '2018-04-12 00:00:00');
INSERT INTO bscheckpicset(picid, planid, itemid, contentid, picoperator, picoperatedate) VALUES
('2018041217392733599536375', '2018041217155363292834898', '2018041109065198264073722', '2018041109090171990607629', '2017120409312189485870477', '2018-04-12 00:00:00');
INSERT INTO bscheckpicset(picid, planid, itemid, contentid, picoperator, picoperatedate) VALUES
('2018041217392733995025093', '2018041217155363292834898', '2018041109065198264073722', '2018041109074081572513577', '2017120409312189485870477', '2018-04-12 00:00:00');
INSERT INTO bscheckpicset(picid, planid, itemid, contentid, picoperator, picoperatedate) VALUES
('2018041217392734636217686', '2018041217155363292834898', '2018041109095700310939023', '2018041109121130324237734', '2017120409312189485870477', '2018-04-12 00:00:00');
INSERT INTO bscheckpicset(picid, planid, itemid, contentid, picoperator, picoperatedate) VALUES
('2018041217392735160475516', '2018041217155363292834898', '2018041109101832722789062', '2018041109143364781543186', '2017120409312189485870477', '2018-04-12 00:00:00');
INSERT INTO bscheckpicset(picid, planid, itemid, contentid, picoperator, picoperatedate) VALUES
('2018041217392736329437663', '2018041217155363292834898', '2018041109101832722789062', '2018041109130491038762806', '2017120409312189485870477', '2018-04-12 00:00:00');
INSERT INTO bscheckpicset(picid, planid, itemid, contentid, picoperator, picoperatedate) VALUES
('2018041217392736652982610', '2018041217155363292834898', '2018041109101832722789062', '2018041109135517210256243', '2017120409312189485870477', '2018-04-12 00:00:00');
INSERT INTO bscheckpicset(picid, planid, itemid, contentid, picoperator, picoperatedate) VALUES
('2018041217392738356608216', '2018041217155363292834898', '2018041109104554456732629', '2018041109162513182375874', '2017120409312189485870477', '2018-04-12 00:00:00');
INSERT INTO bscheckpicset(picid, planid, itemid, contentid, picoperator, picoperatedate) VALUES
('2018041217392739340256963', '2018041217155363292834898', '2018041109104554456732629', '2018041109153185654553154', '2017120409312189485870477', '2018-04-12 00:00:00');
INSERT INTO bscheckpicset(picid, planid, itemid, contentid, picoperator, picoperatedate) VALUES
('2018041217392740089002735', '2018041217155363292834898', '2018041109110713988370597', '2018041109205067954639087', '2017120409312189485870477', '2018-04-12 00:00:00');
INSERT INTO bscheckpicset(picid, planid, itemid, contentid, picoperator, picoperatedate) VALUES
('2018041217392740790107220', '2018041217155363292834898', '2018041109110713988370597', '2018041109190149041363149', '2017120409312189485870477', '2018-04-12 00:00:00');
INSERT INTO bscheckpicset(picid, planid, itemid, contentid, picoperator, picoperatedate) VALUES
('2018041217392741599980753', '2018041217155363292834898', '2018041109110713988370597', '2018041109173634235200990', '2017120409312189485870477', '2018-04-12 00:00:00');
INSERT INTO bscheckpicset(picid, planid, itemid, contentid, picoperator, picoperatedate) VALUES
('2018041217392742056557220', '2018041217155363292834898', '2018041109110713988370597', '2018041109195739548298085', '2017120409312189485870477', '2018-04-12 00:00:00');
INSERT INTO bscheckpicset(picid, planid, itemid, contentid, picoperator, picoperatedate) VALUES
('2018041217392743130245024', '2018041217155363292834898', '2018041109110713988370597', '2018041109180791848848870', '2017120409312189485870477', '2018-04-12 00:00:00');
INSERT INTO bscheckpicset(picid, planid, itemid, contentid, picoperator, picoperatedate) VALUES
('2018041217392743590601560', '2018041217155363292834898', '2018041109215711715169100', '2018041109243295484207163', '2017120409312189485870477', '2018-04-12 00:00:00');
INSERT INTO bscheckpicset(picid, planid, itemid, contentid, picoperator, picoperatedate) VALUES
('2018041217392744385563386', '2018041217155363292834898', '2018041109215711715169100', '2018041109252667343885397', '2017120409312189485870477', '2018-04-12 00:00:00');
INSERT INTO bscheckpicset(picid, planid, itemid, contentid, picoperator, picoperatedate) VALUES
('2018041217392744774575470', '2018041217155363292834898', '2018041109222165519556571', '2018041109322029016055122', '2017120409312189485870477', '2018-04-12 00:00:00');
INSERT INTO bscheckpicset(picid, planid, itemid, contentid, picoperator, picoperatedate) VALUES
('2018041217392745438895698', '2018041217155363292834898', '2018041109222165519556571', '2018041109303198236042266', '2017120409312189485870477', '2018-04-12 00:00:00');
INSERT INTO bscheckpicset(picid, planid, itemid, contentid, picoperator, picoperatedate) VALUES
('2018041217392746238607951', '2018041217155363292834898', '2018041109222165519556571', '2018041109330944913494319', '2017120409312189485870477', '2018-04-12 00:00:00');
INSERT INTO bscheckpicset(picid, planid, itemid, contentid, picoperator, picoperatedate) VALUES
('2018041217392746740369928', '2018041217155363292834898', '2018041109222165519556571', '2018041109312883569643680', '2017120409312189485870477', '2018-04-12 00:00:00');
INSERT INTO bscheckpicset(picid, planid, itemid, contentid, picoperator, picoperatedate) VALUES
('2018041217392747556176721', '2018041217155363292834898', '2018041109224737734917001', '2018041109384339529647870', '2017120409312189485870477', '2018-04-12 00:00:00');
INSERT INTO bscheckpicset(picid, planid, itemid, contentid, picoperator, picoperatedate) VALUES
('2018041217392748533108539', '2018041217155363292834898', '2018041109224737734917001', '2018041109344741730807752', '2017120409312189485870477', '2018-04-12 00:00:00');
INSERT INTO bscheckpicset(picid, planid, itemid, contentid, picoperator, picoperatedate) VALUES
('2018041217392749035358920', '2018041217155363292834898', '2018041109224737734917001', '2018041109393970968394841', '2017120409312189485870477', '2018-04-12 00:00:00');
INSERT INTO bscheckpicset(picid, planid, itemid, contentid, picoperator, picoperatedate) VALUES
('2018041217392749594011990', '2018041217155363292834898', '2018041109224737734917001', '2018041109354257130594910', '2017120409312189485870477', '2018-04-12 00:00:00');
INSERT INTO bscheckpicset(picid, planid, itemid, contentid, picoperator, picoperatedate) VALUES
('2018041217392750463891533', '2018041217155363292834898', '2018041109224737734917001', '2018041109340941820207424', '2017120409312189485870477', '2018-04-12 00:00:00');
INSERT INTO bscheckpicset(picid, planid, itemid, contentid, picoperator, picoperatedate) VALUES
('2018041217392750715956014', '2018041217155363292834898', '2018041109405486336867962', '2018041109473342732424670', '2017120409312189485870477', '2018-04-12 00:00:00');
INSERT INTO bscheckpicset(picid, planid, itemid, contentid, picoperator, picoperatedate) VALUES
('2018041217392751549902234', '2018041217155363292834898', '2018041109405486336867962', '2018041109454269146951142', '2017120409312189485870477', '2018-04-12 00:00:00');
INSERT INTO bscheckpicset(picid, planid, itemid, contentid, picoperator, picoperatedate) VALUES
('2018041217392752013933080', '2018041217155363292834898', '2018041109405486336867962', '2018041109495858094849302', '2017120409312189485870477', '2018-04-12 00:00:00');
INSERT INTO bscheckpicset(picid, planid, itemid, contentid, picoperator, picoperatedate) VALUES
('2018041217392752932523376', '2018041217155363292834898', '2018041109405486336867962', '2018041109482514437764989', '2017120409312189485870477', '2018-04-12 00:00:00');
INSERT INTO bscheckpicset(picid, planid, itemid, contentid, picoperator, picoperatedate) VALUES
('2018041217392753214086426', '2018041217155363292834898', '2018041109405486336867962', '2018041109462891261422297', '2017120409312189485870477', '2018-04-12 00:00:00');
INSERT INTO bscheckpicset(picid, planid, itemid, contentid, picoperator, picoperatedate) VALUES
('2018041217392754196188530', '2018041217155363292834898', '2018041109405486336867962', '2018041109450304874277073', '2017120409312189485870477', '2018-04-12 00:00:00');
INSERT INTO bscheckpicset(picid, planid, itemid, contentid, picoperator, picoperatedate) VALUES
('2018041217392754869239606', '2018041217155363292834898', '2018041109405486336867962', '2018041109490517251672062', '2017120409312189485870477', '2018-04-12 00:00:00');
INSERT INTO bscheckpicset(picid, planid, itemid, contentid, picoperator, picoperatedate) VALUES
('2018041217392755470252347', '2018041217155363292834898', '2018041109411927147862990', '2018041109545435980948811', '2017120409312189485870477', '2018-04-12 00:00:00');
INSERT INTO bscheckpicset(picid, planid, itemid, contentid, picoperator, picoperatedate) VALUES
('2018041217392757830392332', '2018041217155363292834898', '2018041109411927147862990', '2018041109530471299513018', '2017120409312189485870477', '2018-04-12 00:00:00');
INSERT INTO bscheckpicset(picid, planid, itemid, contentid, picoperator, picoperatedate) VALUES
('2018041217392762260867088', '2018041217155363292834898', '2018041109411927147862990', '2018041109534270581542460', '2017120409312189485870477', '2018-04-12 00:00:00');
INSERT INTO bscheckpicset(picid, planid, itemid, contentid, picoperator, picoperatedate) VALUES
('2018041217392763042862093', '2018041217155363292834898', '2018041109411927147862990', '2018041109521057447206928', '2017120409312189485870477', '2018-04-12 00:00:00');
INSERT INTO bscheckpicset(picid, planid, itemid, contentid, picoperator, picoperatedate) VALUES
('2018041217392763889549760', '2018041217155363292834898', '2018041109414149825454140', '2018041109554518884875651', '2017120409312189485870477', '2018-04-12 00:00:00');
INSERT INTO bscheckpicset(picid, planid, itemid, contentid, picoperator, picoperatedate) VALUES
('2018041217392764498335690', '2018041217155363292834898', '2018041109414149825454140', '2018041109563163485217211', '2017120409312189485870477', '2018-04-12 00:00:00');
INSERT INTO bscheckpicset(picid, planid, itemid, contentid, picoperator, picoperatedate) VALUES
('2018041217392765474009022', '2018041217155363292834898', '2018041109571783713444154', '2018041110001235065538823', '2017120409312189485870477', '2018-04-12 00:00:00');
INSERT INTO bscheckpicset(picid, planid, itemid, contentid, picoperator, picoperatedate) VALUES
('2018041217392766131628003', '2018041217155363292834898', '2018041109573699814245312', '2018041110080870079669350', '2017120409312189485870477', '2018-04-12 00:00:00');
INSERT INTO bscheckpicset(picid, planid, itemid, contentid, picoperator, picoperatedate) VALUES
('2018041217392767087869830', '2018041217155363292834898', '2018041109575738145530243', '2018041110092950052207706', '2017120409312189485870477', '2018-04-12 00:00:00');
INSERT INTO bscheckpicset(picid, planid, itemid, contentid, picoperator, picoperatedate) VALUES
('2018041217392767647814567', '2018041217155363292834898', '2018041109575738145530243', '2018041110085930535176172', '2017120409312189485870477', '2018-04-12 00:00:00');
INSERT INTO bscheckpicset(picid, planid, itemid, contentid, picoperator, picoperatedate) VALUES
('2018041217392768424700785', '2018041217155363292834898', '2018041109583303963235327', '2018041110113027868141482', '2017120409312189485870477', '2018-04-12 00:00:00');
INSERT INTO bscheckpicset(picid, planid, itemid, contentid, picoperator, picoperatedate) VALUES
('2018041217392768947386780', '2018041217155363292834898', '2018041109585383295579733', '2018041110130528273124114', '2017120409312189485870477', '2018-04-12 00:00:00');
INSERT INTO bscheckpicset(picid, planid, itemid, contentid, picoperator, picoperatedate) VALUES
('2018041217392769441288916', '2018041217155363292834898', '2018041109585383295579733', '2018041110121602486504845', '2017120409312189485870477', '2018-04-12 00:00:00');
INSERT INTO bscheckpicset(picid, planid, itemid, contentid, picoperator, picoperatedate) VALUES
('2018041217392770452531788', '2018041217155363292834898', '2018041110135618033706161', '2018041110352896399678062', '2017120409312189485870477', '2018-04-12 00:00:00');
INSERT INTO bscheckpicset(picid, planid, itemid, contentid, picoperator, picoperatedate) VALUES
('2018041217392770814670205', '2018041217155363292834898', '2018041110135618033706161', '2018041110345069883850429', '2017120409312189485870477', '2018-04-12 00:00:00');
INSERT INTO bscheckpicset(picid, planid, itemid, contentid, picoperator, picoperatedate) VALUES
('2018041217392771835890283', '2018041217155363292834898', '2018041110141953328823540', '2018041110374345359110802', '2017120409312189485870477', '2018-04-12 00:00:00');
INSERT INTO bscheckpicset(picid, planid, itemid, contentid, picoperator, picoperatedate) VALUES
('2018041217392772261782491', '2018041217155363292834898', '2018041110141953328823540', '2018041110362506362524006', '2017120409312189485870477', '2018-04-12 00:00:00');
INSERT INTO bscheckpicset(picid, planid, itemid, contentid, picoperator, picoperatedate) VALUES
('2018041217392779968834990', '2018041217155363292834898', '2018041110141953328823540', '2018041110370042831900931', '2017120409312189485870477', '2018-04-12 00:00:00');
INSERT INTO bscheckpicset(picid, planid, itemid, contentid, picoperator, picoperatedate) VALUES
('2018041217392780287814287', '2018041217155363292834898', '2018041110294876131823563', '2018041110392546590919264', '2017120409312189485870477', '2018-04-12 00:00:00');
INSERT INTO bscheckpicset(picid, planid, itemid, contentid, picoperator, picoperatedate) VALUES
('2018041217392780868727884', '2018041217155363292834898', '2018041110294876131823563', '2018041110383253192369396', '2017120409312189485870477', '2018-04-12 00:00:00');
INSERT INTO bscheckpicset(picid, planid, itemid, contentid, picoperator, picoperatedate) VALUES
('2018041217392781645876738', '2018041217155363292834898', '2018041110301000553931022', '2018041110404686634266493', '2017120409312189485870477', '2018-04-12 00:00:00');
INSERT INTO bscheckpicset(picid, planid, itemid, contentid, picoperator, picoperatedate) VALUES
('2018041217392782125860554', '2018041217155363292834898', '2018041110301000553931022', '2018041110410898942536628', '2017120409312189485870477', '2018-04-12 00:00:00');
INSERT INTO bscheckpicset(picid, planid, itemid, contentid, picoperator, picoperatedate) VALUES
('2018041217392782921589689', '2018041217155363292834898', '2018041110301000553931022', '2018041110401094079999820', '2017120409312189485870477', '2018-04-12 00:00:00');
INSERT INTO bscheckpicset(picid, planid, itemid, contentid, picoperator, picoperatedate) VALUES
('2018041217392783748434372', '2018041217155363292834898', '2018041110301000553931022', '2018041110413269313491500', '2017120409312189485870477', '2018-04-12 00:00:00');
INSERT INTO bscheckpicset(picid, planid, itemid, contentid, picoperator, picoperatedate) VALUES
('2018041217392784615916105', '2018041217155363292834898', '2018041110303463466807201', '2018041110423611825763490', '2017120409312189485870477', '2018-04-12 00:00:00');
INSERT INTO bscheckpicset(picid, planid, itemid, contentid, picoperator, picoperatedate) VALUES
('2018041217392785083531654', '2018041217155363292834898', '2018041110305654723609430', '2018041111080934617330143', '2017120409312189485870477', '2018-04-12 00:00:00');
INSERT INTO bscheckpicset(picid, planid, itemid, contentid, picoperator, picoperatedate) VALUES
('2018041217392785876375314', '2018041217155363292834898', '2018041110305654723609430', '2018041111101965264689961', '2017120409312189485870477', '2018-04-12 00:00:00');
INSERT INTO bscheckpicset(picid, planid, itemid, contentid, picoperator, picoperatedate) VALUES
('2018041217392786725573494', '2018041217155363292834898', '2018041110311856232970642', '2018041110445343785707996', '2017120409312189485870477', '2018-04-12 00:00:00');
INSERT INTO bscheckpicset(picid, planid, itemid, contentid, picoperator, picoperatedate) VALUES
('2018041217392787189195350', '2018041217155363292834898', '2018041110313977158193930', '2018041110454720322676099', '2017120409312189485870477', '2018-04-12 00:00:00');
INSERT INTO bscheckpicset(picid, planid, itemid, contentid, picoperator, picoperatedate) VALUES
('2018041217392788039024070', '2018041217155363292834898', '2018041110313977158193930', '2018041110590945622484403', '2017120409312189485870477', '2018-04-12 00:00:00');
INSERT INTO bscheckpicset(picid, planid, itemid, contentid, picoperator, picoperatedate) VALUES
('2018041217392788590772296', '2018041217155363292834898', '2018041110313977158193930', '2018041110594894324216991', '2017120409312189485870477', '2018-04-12 00:00:00');
INSERT INTO bscheckpicset(picid, planid, itemid, contentid, picoperator, picoperatedate) VALUES
('2018041217392789395384000', '2018041217155363292834898', '2018041110320063784935240', '2018041111035085174256230', '2017120409312189485870477', '2018-04-12 00:00:00');
INSERT INTO bscheckpicset(picid, planid, itemid, contentid, picoperator, picoperatedate) VALUES
('2018041217392789633079196', '2018041217155363292834898', '2018041110324371365815760', '2018041111061205896248273', '2017120409312189485870477', '2018-04-12 00:00:00');
INSERT INTO bscheckpicset(picid, planid, itemid, contentid, picoperator, picoperatedate) VALUES
('2018041217392790325829663', '2018041217155363292834898', '2018041110324371365815760', '2018041111045889673966240', '2017120409312189485870477', '2018-04-12 00:00:00');
INSERT INTO bscheckpicset(picid, planid, itemid, contentid, picoperator, picoperatedate) VALUES
('2018041217392790710221442', '2018041217155363292834898', '2018041110324371365815760', '2018041111053790454654330', '2017120409312189485870477', '2018-04-12 00:00:00');


INSERT INTO pfjcs(FJCSID, FJCSDMLB, FJCSDMLBMC, FJCSDMZ, FJCSDMMC, FJCSKSRQ, FJCSZZRQ, FJCSQYFLAG, FJCSFJBC, ZFWSURL, FJCSZFWSTITLE, fjcsdlbh, fjcsdlmc, fjcssfdx, zfwstabname, zfwstabid, fjcsorder) VALUES
('2018051417032156315380107', 'JCJGFJ', '检测机构附件', 'JCJGFJ01', '仪器设备', '199405', NULL, '1', '1', NULL, NULL, NULL, NULL, NULL, NULL, NULL, NULL);
INSERT INTO pfjcs(FJCSID, FJCSDMLB, FJCSDMLBMC, FJCSDMZ, FJCSDMMC, FJCSKSRQ, FJCSZZRQ, FJCSQYFLAG, FJCSFJBC, ZFWSURL, FJCSZFWSTITLE, fjcsdlbh, fjcsdlmc, fjcssfdx, zfwstabname, zfwstabid, fjcsorder) VALUES
('2018051417032156315380108', 'JCJGFJ', '检测机构附件', 'JCJGFJ02', '实验室环境设施', '199405', NULL, '1', '1', NULL, NULL, NULL, NULL, NULL, NULL, NULL, NULL);
INSERT INTO pfjcs(FJCSID, FJCSDMLB, FJCSDMLBMC, FJCSDMZ, FJCSDMMC, FJCSKSRQ, FJCSZZRQ, FJCSQYFLAG, FJCSFJBC, ZFWSURL, FJCSZFWSTITLE, fjcsdlbh, fjcsdlmc, fjcssfdx, zfwstabname, zfwstabid, fjcsorder) VALUES
('2018051417032156315380109', 'JCJGFJ', '检测机构附件', 'JCJGFJ03', '实验室管理体系', '199405', NULL, '1', '1', NULL, NULL, NULL, NULL, NULL, NULL, NULL, NULL);
INSERT INTO pfjcs(FJCSID, FJCSDMLB, FJCSDMLBMC, FJCSDMZ, FJCSDMMC, FJCSKSRQ, FJCSZZRQ, FJCSQYFLAG, FJCSFJBC, ZFWSURL, FJCSZFWSTITLE, fjcsdlbh, fjcsdlmc, fjcssfdx, zfwstabname, zfwstabid, fjcsorder) VALUES
('2018051417032156315380121', 'JCJGFJ', '检测机构附件', 'JCJGFJ04', '质量管理体系', '199405', NULL, '1', '1', NULL, NULL, NULL, NULL, NULL, NULL, NULL, NULL);
INSERT INTO pfjcs(FJCSID, FJCSDMLB, FJCSDMLBMC, FJCSDMZ, FJCSDMMC, FJCSKSRQ, FJCSZZRQ, FJCSQYFLAG, FJCSFJBC, ZFWSURL, FJCSZFWSTITLE, fjcsdlbh, fjcsdlmc, fjcssfdx, zfwstabname, zfwstabid, fjcsorder) VALUES
('2018051417032156315380122', 'JCJGFJ', '检测机构附件', 'JCJGFJ05', '实验室信息化管理系统', '199405', NULL, '1', '1', NULL, NULL, NULL, NULL, NULL, NULL, NULL, NULL);
INSERT INTO pfjcs(FJCSID, FJCSDMLB, FJCSDMLBMC, FJCSDMZ, FJCSDMMC, FJCSKSRQ, FJCSZZRQ, FJCSQYFLAG, FJCSFJBC, ZFWSURL, FJCSZFWSTITLE, fjcsdlbh, fjcsdlmc, fjcssfdx, zfwstabname, zfwstabid, fjcsorder) VALUES
('2018051417032156315380123', 'JCJGFJ', '检测机构附件', 'JCJGFJ06', '信息分析汇总人员', '199405', NULL, '1', '1', NULL, NULL, NULL, NULL, NULL, NULL, NULL, NULL);
INSERT INTO pfjcs(FJCSID, FJCSDMLB, FJCSDMLBMC, FJCSDMZ, FJCSDMMC, FJCSKSRQ, FJCSZZRQ, FJCSQYFLAG, FJCSFJBC, ZFWSURL, FJCSZFWSTITLE, fjcsdlbh, fjcsdlmc, fjcssfdx, zfwstabname, zfwstabid, fjcsorder) VALUES
('2018051417032156315380124', 'JCJGFJ', '检测机构附件', 'JCJGFJ07', '抽样需要的专职抽样人员', '199405', NULL, '1', '1', NULL, NULL, NULL, NULL, NULL, NULL, NULL, NULL);
INSERT INTO pfjcs(FJCSID, FJCSDMLB, FJCSDMLBMC, FJCSDMZ, FJCSDMMC, FJCSKSRQ, FJCSZZRQ, FJCSQYFLAG, FJCSFJBC, ZFWSURL, FJCSZFWSTITLE, fjcsdlbh, fjcsdlmc, fjcssfdx, zfwstabname, zfwstabid, fjcsorder) VALUES
('2018051417032156315380125', 'JCJGFJ', '检测机构附件', 'JCJGFJ08', '抽样需要的抽样工具', '199405', NULL, '1', '1', NULL, NULL, NULL, NULL, NULL, NULL, NULL, NULL);
INSERT INTO pfjcs(FJCSID, FJCSDMLB, FJCSDMLBMC, FJCSDMZ, FJCSDMMC, FJCSKSRQ, FJCSZZRQ, FJCSQYFLAG, FJCSFJBC, ZFWSURL, FJCSZFWSTITLE, fjcsdlbh, fjcsdlmc, fjcssfdx, zfwstabname, zfwstabid, fjcsorder) VALUES
('2018051417032156315380126', 'JCJGFJ', '检测机构附件', 'JCJGFJ09', '抽样需要的车辆', '199405', NULL, '1', '1', NULL, NULL, NULL, NULL, NULL, NULL, NULL, NULL);
INSERT INTO pfjcs(FJCSID, FJCSDMLB, FJCSDMLBMC, FJCSDMZ, FJCSDMMC, FJCSKSRQ, FJCSZZRQ, FJCSQYFLAG, FJCSFJBC, ZFWSURL, FJCSZFWSTITLE, fjcsdlbh, fjcsdlmc, fjcssfdx, zfwstabname, zfwstabid, fjcsorder) VALUES
('2018051417032156315380127', 'JCJGFJ', '检测机构附件', 'JCJGFJ10', '承担地市级以上抽检监测任务的工作经历', '199405', NULL, '1', '1', NULL, NULL, NULL, NULL, NULL, NULL, NULL, NULL);
INSERT INTO pfjcs(FJCSID, FJCSDMLB, FJCSDMLBMC, FJCSDMZ, FJCSDMMC, FJCSKSRQ, FJCSZZRQ, FJCSQYFLAG, FJCSFJBC, ZFWSURL, FJCSZFWSTITLE, fjcsdlbh, fjcsdlmc, fjcssfdx, zfwstabname, zfwstabid, fjcsorder) VALUES
('2018051417032156315380128', 'JCJGFJ', '检测机构附件', 'JCJGFJ11', '承担抽检监测工作的分管领导', '199405', NULL, '1', '1', NULL, NULL, NULL, NULL, NULL, NULL, NULL, NULL);
INSERT INTO pfjcs(FJCSID, FJCSDMLB, FJCSDMLBMC, FJCSDMZ, FJCSDMMC, FJCSKSRQ, FJCSZZRQ, FJCSQYFLAG, FJCSFJBC, ZFWSURL, FJCSZFWSTITLE, fjcsdlbh, fjcsdlmc, fjcssfdx, zfwstabname, zfwstabid, fjcsorder) VALUES
('2018051417032156315380129', 'JCJGFJ', '检测机构附件', 'JCJGFJ12', '承担抽检监测工作的组织结构', '199405', NULL, '1', '1', NULL, NULL, NULL, NULL, NULL, NULL, NULL, NULL);
INSERT INTO pfjcs(FJCSID, FJCSDMLB, FJCSDMLBMC, FJCSDMZ, FJCSDMMC, FJCSKSRQ, FJCSZZRQ, FJCSQYFLAG, FJCSFJBC, ZFWSURL, FJCSZFWSTITLE, fjcsdlbh, fjcsdlmc, fjcssfdx, zfwstabname, zfwstabid, fjcsorder) VALUES
('2018051417032156315380131', 'JCJGFJ', '检测机构附件', 'JCJGFJ13', '承担抽检监测工作的岗位职责', '199405', NULL, '1', '1', NULL, NULL, NULL, NULL, NULL, NULL, NULL, NULL);
INSERT INTO pfjcs(FJCSID, FJCSDMLB, FJCSDMLBMC, FJCSDMZ, FJCSDMMC, FJCSKSRQ, FJCSZZRQ, FJCSQYFLAG, FJCSFJBC, ZFWSURL, FJCSZFWSTITLE, fjcsdlbh, fjcsdlmc, fjcssfdx, zfwstabname, zfwstabid, fjcsorder) VALUES
('2018051417032156315380132', 'JCJGFJ', '检测机构附件', 'JCJGFJ14', '与承担任务相应的抽检监测工作方案', '199405', NULL, '1', '0', NULL, NULL, NULL, NULL, NULL, NULL, NULL, NULL);
INSERT INTO pfjcs(FJCSID, FJCSDMLB, FJCSDMLBMC, FJCSDMZ, FJCSDMMC, FJCSKSRQ, FJCSZZRQ, FJCSQYFLAG, FJCSFJBC, ZFWSURL, FJCSZFWSTITLE, fjcsdlbh, fjcsdlmc, fjcssfdx, zfwstabname, zfwstabid, fjcsorder) VALUES
('2018051417032156315380133', 'JCJGFJ', '检测机构附件', 'JCJGFJ15', '与承担任务相应的抽检监测培训计划', '199405', NULL, '1', '0', NULL, NULL, NULL, NULL, NULL, NULL, NULL, NULL);
INSERT INTO pfjcs(FJCSID, FJCSDMLB, FJCSDMLBMC, FJCSDMZ, FJCSDMMC, FJCSKSRQ, FJCSZZRQ, FJCSQYFLAG, FJCSFJBC, ZFWSURL, FJCSZFWSTITLE, fjcsdlbh, fjcsdlmc, fjcssfdx, zfwstabname, zfwstabid, fjcsorder) VALUES
('2018051417032156315380134', 'JCJGFJ', '检测机构附件', 'JCJGFJ16', '与承担任务相应的抽检监测质量控制方案', '199405', NULL, '1', '0', NULL, NULL, NULL, NULL, NULL, NULL, NULL, NULL);
INSERT INTO pfjcs(FJCSID, FJCSDMLB, FJCSDMLBMC, FJCSDMZ, FJCSDMMC, FJCSKSRQ, FJCSZZRQ, FJCSQYFLAG, FJCSFJBC, ZFWSURL, FJCSZFWSTITLE, fjcsdlbh, fjcsdlmc, fjcssfdx, zfwstabname, zfwstabid, fjcsorder) VALUES
('2018051417032156315380135', 'JCJGFJ', '检测机构附件', 'JCJGFJ17', '与承担任务相应的业务管理和经费管理制度', '199405', NULL, '1', '0', NULL, NULL, NULL, NULL, NULL, NULL, NULL, NULL);


insert into parentchild(parentchildid,parentchildlb,parentchildlbmc,parentid,bh,mc,sfyx)values(
  f_getsequencestr(),'moban','通用父子关系模板','0','0','通用父子关系列表','1'
  );

insert into parentchild(parentchildid,parentchildlb,parentchildlbmc,parentid,bh,mc,sfyx)values(
  f_getsequencestr(),'choujiancpfl','抽检产品分类','0','0','抽检产品分类列表','1'
  );

INSERT INTO pfjcs(FJCSID, FJCSDMLB, FJCSDMLBMC, FJCSDMZ, FJCSDMMC, FJCSKSRQ, FJCSZZRQ, FJCSQYFLAG, FJCSFJBC, ZFWSURL, FJCSZFWSTITLE, fjcsdlbh, fjcsdlmc, fjcssfdx, zfwstabname, zfwstabid, fjcsorder) VALUES
('2018052318455489426795197', 'MOBILEZFWS', '手机执法文书', 'ZFAJZFWS07', '询问调查笔录', '199405', NULL, '1', '0', 'common/sjb/ZfwsxwdcblIndex?', '7询问调查笔录', NULL, NULL, '1', 'zfwsxwdcbl7', 'xwdcblid', 4000);
INSERT INTO pfjcs(FJCSID, FJCSDMLB, FJCSDMLBMC, FJCSDMZ, FJCSDMMC, FJCSKSRQ, FJCSZZRQ, FJCSQYFLAG, FJCSFJBC, ZFWSURL, FJCSZFWSTITLE, fjcsdlbh, fjcsdlmc, fjcssfdx, zfwstabname, zfwstabid, fjcsorder) VALUES
('2018052318455489426795198', 'MOBILEZFWS', '手机执法文书', 'ZFAJZFWS08', '现场检查笔录', '199405', NULL, '1', '0', 'common/sjb/tyzfwsxcjcblIndex?', '8现场检查笔录', NULL, NULL, '1', 'zfwsxcjcbl8', 'xcjcblid', 1000);
INSERT INTO pfjcs(FJCSID, FJCSDMLB, FJCSDMLBMC, FJCSDMZ, FJCSDMMC, FJCSKSRQ, FJCSZZRQ, FJCSQYFLAG, FJCSFJBC, ZFWSURL, FJCSZFWSTITLE, fjcsdlbh, fjcsdlmc, fjcssfdx, zfwstabname, zfwstabid, fjcsorder) VALUES
('2018052318455489426795199', 'MOBILEZFWS', '手机执法文书', 'ZFAJZFWS12', '查封（扣押）决定书', '199405', NULL, '1', '0', 'common/sjb/ZfwscfkyjdsIndex?', '12查封（扣押）决定书', NULL, NULL, '0', 'zfwscfkyjds12', 'cfkyjdsid', 3000);
INSERT INTO pfjcs(FJCSID, FJCSDMLB, FJCSDMLBMC, FJCSDMZ, FJCSDMMC, FJCSKSRQ, FJCSZZRQ, FJCSQYFLAG, FJCSFJBC, ZFWSURL, FJCSZFWSTITLE, fjcsdlbh, fjcsdlmc, fjcssfdx, zfwstabname, zfwstabid, fjcsorder) VALUES
('2018052318455489426795111', 'MOBILEZFWS', '手机执法文书', 'ZFAJZFWS20', '责令改正通知书', '199405', NULL, '1', '0', 'common/sjb/zfwszlgztzsIndex?', '20责令改正通知书', NULL, NULL, '0', 'zfwszlgztzs20', 'zlgztzsid', 6000);
INSERT INTO pfjcs(FJCSID, FJCSDMLB, FJCSDMLBMC, FJCSDMZ, FJCSDMMC, FJCSKSRQ, FJCSZZRQ, FJCSQYFLAG, FJCSFJBC, ZFWSURL, FJCSZFWSTITLE, fjcsdlbh, fjcsdlmc, fjcssfdx, zfwstabname, zfwstabid, fjcsorder) VALUES
('2018052318455489426795112', 'MOBILEZFWS', '手机执法文书', 'ZFAJZFWS29', '当场行政处罚决定书', '199405', NULL, '1', '0', 'common/sjb/Zfwsdcxzcfjds29Index?', '29当场行政处罚决定书', NULL, NULL, '0', 'zfwsdcxzcfjds29', 'dcxzcfjdsid', 7000);
INSERT INTO pfjcs(FJCSID, FJCSDMLB, FJCSDMLBMC, FJCSDMZ, FJCSDMMC, FJCSKSRQ, FJCSZZRQ, FJCSQYFLAG, FJCSFJBC, ZFWSURL, FJCSZFWSTITLE, fjcsdlbh, fjcsdlmc, fjcssfdx, zfwstabname, zfwstabid, fjcsorder) VALUES
('2018052318455489426795113', 'MOBILEZFWS', '手机执法文书', 'ZFAJZFWS37', '( )物品清单', '199405', NULL, '1', '0', 'common/sjb/zfwswpqdIndex?', '37( )物品清单', NULL, NULL, '0', 'zfwswpqd37', 'wpqdid', 2000);
INSERT INTO pfjcs(FJCSID, FJCSDMLB, FJCSDMLBMC, FJCSDMZ, FJCSDMMC, FJCSKSRQ, FJCSZZRQ, FJCSQYFLAG, FJCSFJBC, ZFWSURL, FJCSZFWSTITLE, fjcsdlbh, fjcsdlmc, fjcssfdx, zfwstabname, zfwstabid, fjcsorder) VALUES
('2018052318455489426795114', 'MOBILEZFWS', '手机执法文书', 'ZFAJZFWS44', '询问调查通知书', '199405', NULL, '1', '1', 'common/sjb/zfwsxwdctzsIndex?', '44询问调查通知书', NULL, NULL, NULL, NULL, NULL, 5000);
